2026-04-22 00:38:41  INFO      Database initialised → signals.db
2026-04-22 00:38:41  INFO      ============================================================
2026-04-22 00:38:41  INFO      MortgageIQ Pipeline — fetch run starting (2026-04-22 00:38)
2026-04-22 00:38:41  INFO      ============================================================
2026-04-22 00:38:41  INFO        Fetching fedFunds (FEDFUNDS)…
2026-04-22 00:38:41  INFO          → 24 observations saved
2026-04-22 00:38:42  INFO        Fetching sofr (SOFR)…
2026-04-22 00:38:42  INFO          → 113 observations saved
2026-04-22 00:38:42  INFO        Fetching tenYrTsy (DGS10)…
2026-04-22 00:38:42  INFO          → 114 observations saved
2026-04-22 00:38:42  INFO        Fetching twoYrTsy (DGS2)…
2026-04-22 00:38:43  INFO          → 114 observations saved
2026-04-22 00:38:43  INFO        Fetching pmms30 (MORTGAGE30US)…
2026-04-22 00:38:43  INFO          → 106 observations saved
2026-04-22 00:38:43  INFO        Fetching pmms15 (MORTGAGE15US)…
2026-04-22 00:38:43  INFO          → 106 observations saved
2026-04-22 00:38:44  INFO        Fetching mba30 (OBMMIC30YF)…
2026-04-22 00:38:44  INFO          → 112 observations saved
2026-04-22 00:38:44  INFO        Fetching cpi (CPIAUCSL)…
2026-04-22 00:38:44  INFO          → 11 observations saved
2026-04-22 00:38:44  INFO        Fetching corePce (PCEPILFE)…
2026-04-22 00:38:45  INFO          → 11 observations saved
2026-04-22 00:38:45  INFO        Fetching ppi (PPIACO)…
2026-04-22 00:38:46  INFO          → 12 observations saved
2026-04-22 00:38:46  INFO        Fetching unemployment (UNRATE)…
2026-04-22 00:38:46  INFO          → 23 observations saved
2026-04-22 00:38:46  INFO        Fetching nfp (PAYEMS)…
2026-04-22 00:38:47  INFO          → 23 observations saved
2026-04-22 00:38:47  INFO        Fetching jolts (JTSJOL)…
2026-04-22 00:38:47  INFO          → 23 observations saved
2026-04-22 00:38:47  INFO        Fetching hpiNational (CSUSHPISA)…
2026-04-22 00:38:47  INFO          → 10 observations saved
2026-04-22 00:38:48  INFO        Fetching housingStarts (HOUST)…
2026-04-22 00:38:48  INFO          → 22 observations saved
2026-04-22 00:38:48  INFO        Fetching existingHomeSales (EXHOSLUSM495S)…
2026-04-22 00:38:48  INFO          → 13 observations saved
2026-04-22 00:38:48  INFO        Fetching mortgageDelinquency (DRSFRMACBS)…
2026-04-22 00:38:49  INFO          → 7 observations saved
2026-04-22 00:38:49  INFO        Fetching refiBoomster (MORTGAGE30US)…
2026-04-22 00:38:49  INFO          → 106 observations saved
2026-04-22 00:38:49  INFO        Fetching igSpread (BAMLC0A0CM)…
2026-04-22 00:38:49  INFO          → 118 observations saved
2026-04-22 00:38:49  INFO        Fetching hySpread (BAMLH0A0HYM2)…
2026-04-22 00:38:50  INFO          → 118 observations saved
2026-04-22 00:38:50  INFO        Fetching mbsSpread (MORTGAGE30US)…
2026-04-22 00:38:50  INFO          → 106 observations saved
2026-04-22 00:38:50  INFO        Fetching HPI by state…
2026-04-22 00:38:51  INFO          CA: 3 rows
2026-04-22 00:38:51  INFO          TX: 3 rows
2026-04-22 00:38:52  INFO          FL: 3 rows
2026-04-22 00:38:52  INFO          NY: 3 rows
2026-04-22 00:38:52  INFO          WA: 3 rows
2026-04-22 00:38:53  INFO          CO: 3 rows
2026-04-22 00:38:54  INFO          AZ: 3 rows
2026-04-22 00:38:54  INFO          NV: 3 rows
2026-04-22 00:38:55  INFO          OR: 3 rows
2026-04-22 00:38:55  INFO          GA: 3 rows
2026-04-22 00:38:56  INFO          NC: 3 rows
2026-04-22 00:38:56  INFO          SC: 3 rows
2026-04-22 00:38:57  INFO          TN: 3 rows
2026-04-22 00:38:57  INFO          OH: 3 rows
2026-04-22 00:38:58  INFO          MI: 3 rows
2026-04-22 00:38:58  INFO          IL: 3 rows
2026-04-22 00:38:59  INFO          PA: 3 rows
2026-04-22 00:38:59  INFO          NJ: 3 rows
2026-04-22 00:39:00  INFO          MA: 3 rows
2026-04-22 00:39:01  INFO          VA: 3 rows
2026-04-22 00:39:01  INFO          MD: 3 rows
2026-04-22 00:39:02  INFO          MN: 3 rows
2026-04-22 00:39:04  INFO          WI: 3 rows
2026-04-22 00:39:04  INFO          UT: 3 rows
2026-04-22 00:39:05  INFO          ID: 3 rows
2026-04-22 00:39:05  INFO      JSON exported → signals_live.json  (21 signals, 25 states)
2026-04-22 00:39:05  INFO      Run complete — 21 OK, 0 failed
/Users/angadvirpaintal/Library/Python/3.9/lib/python/site-packages/urllib3/__init__.py:35: NotOpenSSLWarning: urllib3 v2 only supports OpenSSL 1.1.1+, currently the 'ssl' module is compiled with 'LibreSSL 2.8.3'. See: https://github.com/urllib3/urllib3/issues/3020
  warnings.warn(
2026-04-22 00:50:36  INFO      Database initialised → /Users/angadvirpaintal/Downloads/Mortgage_Bond_Analyzer_App/signals.db
2026-04-22 00:50:36  INFO      Database initialised → /Users/angadvirpaintal/Downloads/Mortgage_Bond_Analyzer_App/signals.db
2026-04-22 00:50:36  INFO      ============================================================
2026-04-22 00:50:36  INFO      ============================================================
2026-04-22 00:50:36  INFO      MortgageIQ Pipeline — fetch run starting (2026-04-22 00:50)
2026-04-22 00:50:36  INFO      MortgageIQ Pipeline — fetch run starting (2026-04-22 00:50)
2026-04-22 00:50:36  INFO      ============================================================
2026-04-22 00:50:36  INFO      ============================================================
2026-04-22 00:50:36  INFO        Fetching fedFunds (FEDFUNDS)…
2026-04-22 00:50:36  INFO        Fetching fedFunds (FEDFUNDS)…
2026-04-22 00:50:36  INFO          → 24 observations saved
2026-04-22 00:50:36  INFO          → 24 observations saved
2026-04-22 00:50:37  INFO        Fetching sofr (SOFR)…
2026-04-22 00:50:37  INFO        Fetching sofr (SOFR)…
2026-04-22 00:50:37  INFO          → 113 observations saved
2026-04-22 00:50:37  INFO          → 113 observations saved
2026-04-22 00:50:37  INFO        Fetching tenYrTsy (DGS10)…
2026-04-22 00:50:37  INFO        Fetching tenYrTsy (DGS10)…
2026-04-22 00:50:37  INFO          → 114 observations saved
2026-04-22 00:50:37  INFO          → 114 observations saved
2026-04-22 00:50:37  INFO        Fetching twoYrTsy (DGS2)…
2026-04-22 00:50:37  INFO        Fetching twoYrTsy (DGS2)…
2026-04-22 00:50:38  INFO          → 114 observations saved
2026-04-22 00:50:38  INFO          → 114 observations saved
2026-04-22 00:50:38  INFO        Fetching pmms30 (MORTGAGE30US)…
2026-04-22 00:50:38  INFO        Fetching pmms30 (MORTGAGE30US)…
2026-04-22 00:50:38  INFO          → 106 observations saved
2026-04-22 00:50:38  INFO          → 106 observations saved
2026-04-22 00:50:38  INFO        Fetching pmms15 (MORTGAGE15US)…
2026-04-22 00:50:38  INFO        Fetching pmms15 (MORTGAGE15US)…
2026-04-22 00:50:38  INFO          → 106 observations saved
2026-04-22 00:50:38  INFO          → 106 observations saved
2026-04-22 00:50:39  INFO        Fetching mba30 (OBMMIC30YF)…
2026-04-22 00:50:39  INFO        Fetching mba30 (OBMMIC30YF)…
2026-04-22 00:50:39  INFO          → 112 observations saved
2026-04-22 00:50:39  INFO          → 112 observations saved
2026-04-22 00:50:39  INFO        Fetching cpi (CPIAUCSL)…
2026-04-22 00:50:39  INFO        Fetching cpi (CPIAUCSL)…
2026-04-22 00:50:39  INFO          → 11 observations saved
2026-04-22 00:50:39  INFO          → 11 observations saved
2026-04-22 00:50:39  INFO        Fetching corePce (PCEPILFE)…
2026-04-22 00:50:39  INFO        Fetching corePce (PCEPILFE)…
2026-04-22 00:50:40  INFO          → 11 observations saved
2026-04-22 00:50:40  INFO          → 11 observations saved
2026-04-22 00:50:40  INFO        Fetching ppi (PPIACO)…
2026-04-22 00:50:40  INFO        Fetching ppi (PPIACO)…
2026-04-22 00:50:40  INFO          → 12 observations saved
2026-04-22 00:50:40  INFO          → 12 observations saved
2026-04-22 00:50:40  INFO        Fetching unemployment (UNRATE)…
2026-04-22 00:50:40  INFO        Fetching unemployment (UNRATE)…
2026-04-22 00:50:40  INFO          → 23 observations saved
2026-04-22 00:50:40  INFO          → 23 observations saved
2026-04-22 00:50:41  INFO        Fetching nfp (PAYEMS)…
2026-04-22 00:50:41  INFO        Fetching nfp (PAYEMS)…
2026-04-22 00:50:41  INFO          → 23 observations saved
2026-04-22 00:50:41  INFO          → 23 observations saved
2026-04-22 00:50:41  INFO        Fetching jolts (JTSJOL)…
2026-04-22 00:50:41  INFO        Fetching jolts (JTSJOL)…
2026-04-22 00:50:41  INFO          → 23 observations saved
2026-04-22 00:50:41  INFO          → 23 observations saved
2026-04-22 00:50:41  INFO        Fetching hpiNational (CSUSHPISA)…
2026-04-22 00:50:41  INFO        Fetching hpiNational (CSUSHPISA)…
2026-04-22 00:50:42  INFO          → 10 observations saved
2026-04-22 00:50:42  INFO          → 10 observations saved
2026-04-22 00:50:42  INFO        Fetching housingStarts (HOUST)…
2026-04-22 00:50:42  INFO        Fetching housingStarts (HOUST)…
2026-04-22 00:50:42  INFO          → 22 observations saved
2026-04-22 00:50:42  INFO          → 22 observations saved
2026-04-22 00:50:42  INFO        Fetching existingHomeSales (EXHOSLUSM495S)…
2026-04-22 00:50:42  INFO        Fetching existingHomeSales (EXHOSLUSM495S)…
2026-04-22 00:50:42  INFO          → 13 observations saved
2026-04-22 00:50:42  INFO          → 13 observations saved
2026-04-22 00:50:43  INFO        Fetching mortgageDelinquency (DRSFRMACBS)…
2026-04-22 00:50:43  INFO        Fetching mortgageDelinquency (DRSFRMACBS)…
2026-04-22 00:50:43  INFO          → 7 observations saved
2026-04-22 00:50:43  INFO          → 7 observations saved
2026-04-22 00:50:43  INFO        Fetching refiBoomster (MORTGAGE30US)…
2026-04-22 00:50:43  INFO        Fetching refiBoomster (MORTGAGE30US)…
2026-04-22 00:50:43  INFO          → 106 observations saved
2026-04-22 00:50:43  INFO          → 106 observations saved
2026-04-22 00:50:43  INFO        Fetching igSpread (BAMLC0A0CM)…
2026-04-22 00:50:43  INFO        Fetching igSpread (BAMLC0A0CM)…
2026-04-22 00:50:44  INFO          → 118 observations saved
2026-04-22 00:50:44  INFO          → 118 observations saved
2026-04-22 00:50:44  INFO        Fetching hySpread (BAMLH0A0HYM2)…
2026-04-22 00:50:44  INFO        Fetching hySpread (BAMLH0A0HYM2)…
2026-04-22 00:50:44  INFO          → 118 observations saved
2026-04-22 00:50:44  INFO          → 118 observations saved
2026-04-22 00:50:44  INFO        Fetching mbsSpread (MORTGAGE30US)…
2026-04-22 00:50:44  INFO        Fetching mbsSpread (MORTGAGE30US)…
2026-04-22 00:50:44  INFO          → 106 observations saved
2026-04-22 00:50:44  INFO          → 106 observations saved
2026-04-22 00:50:45  INFO        Fetching HPI by state…
2026-04-22 00:50:45  INFO        Fetching HPI by state…
2026-04-22 00:50:45  INFO          CA: 3 rows
2026-04-22 00:50:45  INFO          CA: 3 rows
2026-04-22 00:50:45  INFO          TX: 3 rows
2026-04-22 00:50:45  INFO          TX: 3 rows
2026-04-22 00:50:45  INFO          FL: 3 rows
2026-04-22 00:50:45  INFO          FL: 3 rows
2026-04-22 00:50:46  INFO          NY: 3 rows
2026-04-22 00:50:46  INFO          NY: 3 rows
2026-04-22 00:50:46  INFO          WA: 3 rows
2026-04-22 00:50:46  INFO          WA: 3 rows
2026-04-22 00:50:47  INFO          CO: 3 rows
2026-04-22 00:50:47  INFO          CO: 3 rows
2026-04-22 00:50:47  INFO          AZ: 3 rows
2026-04-22 00:50:47  INFO          AZ: 3 rows
2026-04-22 00:50:47  INFO          NV: 3 rows
2026-04-22 00:50:47  INFO          NV: 3 rows
2026-04-22 00:50:48  INFO          OR: 3 rows
2026-04-22 00:50:48  INFO          OR: 3 rows
2026-04-22 00:50:48  INFO          GA: 3 rows
2026-04-22 00:50:48  INFO          GA: 3 rows
2026-04-22 00:50:48  INFO          NC: 3 rows
2026-04-22 00:50:48  INFO          NC: 3 rows
2026-04-22 00:50:49  INFO          SC: 3 rows
2026-04-22 00:50:49  INFO          SC: 3 rows
2026-04-22 00:50:49  INFO          TN: 3 rows
2026-04-22 00:50:49  INFO          TN: 3 rows
2026-04-22 00:50:49  INFO          OH: 3 rows
2026-04-22 00:50:49  INFO          OH: 3 rows
2026-04-22 00:50:50  INFO          MI: 3 rows
2026-04-22 00:50:50  INFO          MI: 3 rows
2026-04-22 00:50:50  INFO          IL: 3 rows
2026-04-22 00:50:50  INFO          IL: 3 rows
2026-04-22 00:50:50  INFO          PA: 3 rows
2026-04-22 00:50:50  INFO          PA: 3 rows
2026-04-22 00:50:51  INFO          NJ: 3 rows
2026-04-22 00:50:51  INFO          NJ: 3 rows
2026-04-22 00:50:51  INFO          MA: 3 rows
2026-04-22 00:50:51  INFO          MA: 3 rows
2026-04-22 00:50:52  INFO          VA: 3 rows
2026-04-22 00:50:52  INFO          VA: 3 rows
2026-04-22 00:50:52  INFO          MD: 3 rows
2026-04-22 00:50:52  INFO          MD: 3 rows
2026-04-22 00:50:52  INFO          MN: 3 rows
2026-04-22 00:50:52  INFO          MN: 3 rows
2026-04-22 00:50:53  INFO          WI: 3 rows
2026-04-22 00:50:53  INFO          WI: 3 rows
2026-04-22 00:50:53  INFO          UT: 3 rows
2026-04-22 00:50:53  INFO          UT: 3 rows
2026-04-22 00:50:54  INFO          ID: 3 rows
2026-04-22 00:50:54  INFO          ID: 3 rows
2026-04-22 00:50:54  INFO      JSON exported → /Users/angadvirpaintal/Downloads/Mortgage_Bond_Analyzer_App/signals_live.json  (21 signals, 25 states)
2026-04-22 00:50:54  INFO      JSON exported → /Users/angadvirpaintal/Downloads/Mortgage_Bond_Analyzer_App/signals_live.json  (21 signals, 25 states)
2026-04-22 00:50:54  INFO      Run complete — 21 OK, 0 failed
2026-04-22 00:50:54  INFO      Run complete — 21 OK, 0 failed
2026-05-02 13:44:36  INFO      Database initialised → signals.db
2026-05-02 13:44:36  INFO      ============================================================
2026-05-02 13:44:36  INFO      MortgageIQ Pipeline — fetch run starting (2026-05-02 13:44)
2026-05-02 13:44:36  INFO      ============================================================
2026-05-02 13:44:36  INFO        Fetching fedFunds (FEDFUNDS)…
2026-05-02 13:44:36  INFO          → 25 observations saved
2026-05-02 13:44:36  INFO        Fetching sofr (SOFR)…
2026-05-02 13:44:36  INFO          → 114 observations saved
2026-05-02 13:44:36  INFO        Fetching tenYrTsy (DGS10)…
2026-05-02 13:44:37  INFO          → 115 observations saved
2026-05-02 13:44:37  INFO        Fetching twoYrTsy (DGS2)…
2026-05-02 13:44:37  INFO          → 115 observations saved
2026-05-02 13:44:37  INFO        Fetching pmms30 (MORTGAGE30US)…
2026-05-02 13:44:38  INFO          → 107 observations saved
2026-05-02 13:44:38  INFO        Fetching pmms15 (MORTGAGE15US)…
2026-05-02 13:44:38  INFO          → 107 observations saved
2026-05-02 13:44:38  INFO        Fetching mba30 (OBMMIC30YF)…
2026-05-02 13:44:38  INFO          → 113 observations saved
2026-05-02 13:44:39  INFO        Fetching cpi (CPIAUCSL)…
2026-05-02 13:44:39  INFO          → 11 observations saved
2026-05-02 13:44:39  INFO        Fetching corePce (PCEPILFE)…
2026-05-02 13:44:39  INFO          → 12 observations saved
2026-05-02 13:44:39  INFO        Fetching ppi (PPIACO)…
2026-05-02 13:44:40  INFO          → 12 observations saved
2026-05-02 13:44:40  INFO        Fetching unemployment (UNRATE)…
2026-05-02 13:44:40  INFO          → 23 observations saved
2026-05-02 13:44:40  INFO        Fetching nfp (PAYEMS)…
2026-05-02 13:44:41  INFO          → 23 observations saved
2026-05-02 13:44:41  INFO        Fetching jolts (JTSJOL)…
2026-05-02 13:44:41  INFO          → 23 observations saved
2026-05-02 13:44:41  INFO        Fetching hpiNational (CSUSHPISA)…
2026-05-02 13:44:41  INFO          → 11 observations saved
2026-05-02 13:44:41  INFO        Fetching housingStarts (HOUST)…
2026-05-02 13:44:42  INFO          → 24 observations saved
2026-05-02 13:44:42  INFO        Fetching existingHomeSales (EXHOSLUSM495S)…
2026-05-02 13:44:42  INFO          → 13 observations saved
2026-05-02 13:44:42  INFO        Fetching mortgageDelinquency (DRSFRMACBS)…
2026-05-02 13:44:43  INFO          → 7 observations saved
2026-05-02 13:44:43  INFO        Fetching refiBoomster (MORTGAGE30US)…
2026-05-02 13:44:43  INFO          → 107 observations saved
2026-05-02 13:44:43  INFO        Fetching igSpread (BAMLC0A0CM)…
2026-05-02 13:44:43  INFO          → 118 observations saved
2026-05-02 13:44:44  INFO        Fetching hySpread (BAMLH0A0HYM2)…
2026-05-02 13:44:44  INFO          → 118 observations saved
2026-05-02 13:44:44  INFO        Fetching mbsSpread (MORTGAGE30US)…
2026-05-02 13:44:44  INFO          → 107 observations saved
2026-05-02 13:44:44  INFO        Fetching HPI by state…
2026-05-02 13:44:45  INFO          CA: 3 rows
2026-05-02 13:44:45  INFO          TX: 3 rows
2026-05-02 13:44:46  INFO          FL: 3 rows
2026-05-02 13:44:46  INFO          NY: 3 rows
2026-05-02 13:44:47  INFO          WA: 3 rows
2026-05-02 13:44:47  INFO          CO: 3 rows
2026-05-02 13:44:48  INFO          AZ: 3 rows
2026-05-02 13:44:48  INFO          NV: 3 rows
2026-05-02 13:44:49  INFO          OR: 3 rows
2026-05-02 13:44:49  INFO          GA: 3 rows
2026-05-02 13:44:50  INFO          NC: 3 rows
2026-05-02 13:44:50  INFO          SC: 3 rows
2026-05-02 13:44:50  INFO          TN: 3 rows
2026-05-02 13:44:51  INFO          OH: 3 rows
2026-05-02 13:44:51  INFO          MI: 3 rows
2026-05-02 13:44:52  INFO          IL: 3 rows
2026-05-02 13:44:52  INFO          PA: 3 rows
2026-05-02 13:44:52  INFO          NJ: 3 rows
2026-05-02 13:44:53  INFO          MA: 3 rows
2026-05-02 13:44:53  INFO          VA: 3 rows
2026-05-02 13:44:54  INFO          MD: 3 rows
2026-05-02 13:44:54  INFO          MN: 3 rows
2026-05-02 13:44:54  INFO          WI: 3 rows
2026-05-02 13:44:55  INFO          UT: 3 rows
2026-05-02 13:44:55  INFO          ID: 3 rows
2026-05-02 13:44:55  INFO      JSON exported → signals_live.json  (21 signals, 25 states)
2026-05-02 13:44:55  INFO      Run complete — 21 OK, 0 failed
2026-05-03 23:49:21  INFO      Database initialised → signals.db
2026-05-03 23:49:21  INFO      ============================================================
2026-05-03 23:49:21  INFO      MortgageIQ Pipeline — fetch run starting (2026-05-03 23:49)
2026-05-03 23:49:21  INFO      ============================================================
2026-05-03 23:49:21  INFO        Fetching fedFunds (FEDFUNDS)…
2026-05-03 23:49:21  INFO          → 25 observations saved
2026-05-03 23:49:21  INFO        Fetching sofr (SOFR)…
2026-05-03 23:49:21  INFO          → 114 observations saved
2026-05-03 23:49:22  INFO        Fetching tenYrTsy (DGS10)…
2026-05-03 23:49:22  INFO          → 115 observations saved
2026-05-03 23:49:22  INFO        Fetching twoYrTsy (DGS2)…
2026-05-03 23:49:22  INFO          → 115 observations saved
2026-05-03 23:49:22  INFO        Fetching pmms30 (MORTGAGE30US)…
2026-05-03 23:49:23  INFO          → 106 observations saved
2026-05-03 23:49:23  INFO        Fetching pmms15 (MORTGAGE15US)…
2026-05-03 23:49:23  INFO          → 106 observations saved
2026-05-03 23:49:23  INFO        Fetching mba30 (OBMMIC30YF)…
2026-05-03 23:49:23  INFO          → 113 observations saved
2026-05-03 23:49:24  INFO        Fetching cpi (CPIAUCSL)…
2026-05-03 23:49:24  INFO          → 11 observations saved
2026-05-03 23:49:24  INFO        Fetching corePce (PCEPILFE)…
2026-05-03 23:49:24  INFO          → 12 observations saved
2026-05-03 23:49:24  INFO        Fetching ppi (PPIACO)…
2026-05-03 23:49:25  INFO          → 12 observations saved
2026-05-03 23:49:25  INFO        Fetching unemployment (UNRATE)…
2026-05-03 23:49:25  INFO          → 23 observations saved
2026-05-03 23:49:25  INFO        Fetching nfp (PAYEMS)…
2026-05-03 23:49:25  INFO          → 23 observations saved
2026-05-03 23:49:26  INFO        Fetching jolts (JTSJOL)…
2026-05-03 23:49:26  INFO          → 23 observations saved
2026-05-03 23:49:26  INFO        Fetching hpiNational (CSUSHPISA)…
2026-05-03 23:49:26  INFO          → 11 observations saved
2026-05-03 23:49:26  INFO        Fetching housingStarts (HOUST)…
2026-05-03 23:49:27  INFO          → 24 observations saved
2026-05-03 23:49:27  INFO        Fetching existingHomeSales (EXHOSLUSM495S)…
2026-05-03 23:49:27  INFO          → 13 observations saved
2026-05-03 23:49:27  INFO        Fetching mortgageDelinquency (DRSFRMACBS)…
2026-05-03 23:49:28  INFO          → 7 observations saved
2026-05-03 23:49:28  INFO        Fetching refiBoomster (MORTGAGE30US)…
2026-05-03 23:49:28  INFO          → 106 observations saved
2026-05-03 23:49:28  INFO        Fetching igSpread (BAMLC0A0CM)…
2026-05-03 23:49:28  INFO          → 118 observations saved
2026-05-03 23:49:29  INFO        Fetching hySpread (BAMLH0A0HYM2)…
2026-05-03 23:49:29  INFO          → 118 observations saved
2026-05-03 23:49:29  INFO        Fetching mbsSpread (MORTGAGE30US)…
2026-05-03 23:49:29  INFO          → 106 observations saved
2026-05-03 23:49:29  INFO        Fetching HPI by state…
2026-05-03 23:49:30  INFO          CA: 3 rows
2026-05-03 23:49:30  INFO          TX: 3 rows
2026-05-03 23:49:30  INFO          FL: 3 rows
2026-05-03 23:49:31  INFO          NY: 3 rows
2026-05-03 23:49:31  INFO          WA: 3 rows
2026-05-03 23:49:31  INFO          CO: 3 rows
2026-05-03 23:49:32  INFO          AZ: 3 rows
2026-05-03 23:49:32  INFO          NV: 3 rows
2026-05-03 23:49:33  INFO          OR: 3 rows
2026-05-03 23:49:33  INFO          GA: 3 rows
2026-05-03 23:49:33  INFO          NC: 3 rows
2026-05-03 23:49:34  INFO          SC: 3 rows
2026-05-03 23:49:34  INFO          TN: 3 rows
2026-05-03 23:49:34  INFO          OH: 3 rows
2026-05-03 23:49:35  INFO          MI: 3 rows
2026-05-03 23:49:35  INFO          IL: 3 rows
2026-05-03 23:49:36  INFO          PA: 3 rows
2026-05-03 23:49:36  INFO          NJ: 3 rows
2026-05-03 23:49:36  INFO          MA: 3 rows
2026-05-03 23:49:37  INFO          VA: 3 rows
2026-05-03 23:49:37  INFO          MD: 3 rows
2026-05-03 23:49:37  INFO          MN: 3 rows
2026-05-03 23:49:38  INFO          WI: 3 rows
2026-05-03 23:49:38  INFO          UT: 3 rows
2026-05-03 23:49:39  INFO          ID: 3 rows
2026-05-03 23:49:39  INFO      JSON exported → signals_live.json  (21 signals, 25 states)
2026-05-03 23:49:39  INFO      Run complete — 21 OK, 0 failed
2026-05-10 12:29:24  INFO      Database initialised → signals.db
2026-05-10 12:29:24  INFO      ============================================================
2026-05-10 12:29:24  INFO      MortgageIQ Pipeline — fetch run starting (2026-05-10 12:29)
2026-05-10 12:29:24  INFO      ============================================================
2026-05-10 12:29:24  INFO        Fetching fedFunds (FEDFUNDS)…
2026-05-10 12:29:24  INFO          → 25 observations saved
2026-05-10 12:29:25  INFO        Fetching sofr (SOFR)…
2026-05-10 12:29:25  INFO          → 114 observations saved
2026-05-10 12:29:25  INFO        Fetching tenYrTsy (DGS10)…
2026-05-10 12:29:25  INFO          → 115 observations saved
2026-05-10 12:29:25  INFO        Fetching twoYrTsy (DGS2)…
2026-05-10 12:29:26  INFO          → 115 observations saved
2026-05-10 12:29:26  INFO        Fetching pmms30 (MORTGAGE30US)…
2026-05-10 12:29:26  INFO          → 106 observations saved
2026-05-10 12:29:26  INFO        Fetching pmms15 (MORTGAGE15US)…
2026-05-10 12:29:27  INFO          → 106 observations saved
2026-05-10 12:29:27  INFO        Fetching mba30 (OBMMIC30YF)…
2026-05-10 12:29:27  INFO          → 113 observations saved
2026-05-10 12:29:27  INFO        Fetching cpi (CPIAUCSL)…
2026-05-10 12:29:27  INFO          → 11 observations saved
2026-05-10 12:29:28  INFO        Fetching corePce (PCEPILFE)…
2026-05-10 12:29:28  INFO          → 12 observations saved
2026-05-10 12:29:28  INFO        Fetching ppi (PPIACO)…
2026-05-10 12:29:28  INFO          → 12 observations saved
2026-05-10 12:29:28  INFO        Fetching unemployment (UNRATE)…
2026-05-10 12:29:29  INFO          → 24 observations saved
2026-05-10 12:29:29  INFO        Fetching nfp (PAYEMS)…
2026-05-10 12:29:29  INFO          → 24 observations saved
2026-05-10 12:29:30  INFO        Fetching jolts (JTSJOL)…
2026-05-10 12:29:30  INFO          → 24 observations saved
2026-05-10 12:29:30  INFO        Fetching hpiNational (CSUSHPISA)…
2026-05-10 12:29:30  INFO          → 11 observations saved
2026-05-10 12:29:31  INFO        Fetching housingStarts (HOUST)…
2026-05-10 12:29:31  INFO          → 24 observations saved
2026-05-10 12:29:31  INFO        Fetching existingHomeSales (EXHOSLUSM495S)…
2026-05-10 12:29:31  INFO          → 13 observations saved
2026-05-10 12:29:32  INFO        Fetching mortgageDelinquency (DRSFRMACBS)…
2026-05-10 12:29:32  INFO          → 7 observations saved
2026-05-10 12:29:32  INFO        Fetching refiBoomster (MORTGAGE30US)…
2026-05-10 12:29:33  INFO          → 106 observations saved
2026-05-10 12:29:33  INFO        Fetching igSpread (BAMLC0A0CM)…
2026-05-10 12:29:33  INFO          → 118 observations saved
2026-05-10 12:29:33  INFO        Fetching hySpread (BAMLH0A0HYM2)…
2026-05-10 12:29:34  INFO          → 118 observations saved
2026-05-10 12:29:34  INFO        Fetching mbsSpread (MORTGAGE30US)…
2026-05-10 12:29:34  INFO          → 106 observations saved
2026-05-10 12:29:34  INFO        Fetching HPI by state…
2026-05-10 12:29:35  INFO          CA: 3 rows
2026-05-10 12:29:35  INFO          TX: 3 rows
2026-05-10 12:29:36  INFO          FL: 3 rows
2026-05-10 12:29:37  INFO          NY: 3 rows
2026-05-10 12:29:37  INFO          WA: 3 rows
2026-05-10 12:29:38  INFO          CO: 3 rows
2026-05-10 12:29:38  INFO          AZ: 3 rows
2026-05-10 12:29:39  INFO          NV: 3 rows
2026-05-10 12:29:39  INFO          OR: 3 rows
2026-05-10 12:29:40  INFO          GA: 3 rows
2026-05-10 12:29:40  INFO          NC: 3 rows
2026-05-10 12:29:41  INFO          SC: 3 rows
2026-05-10 12:29:41  INFO          TN: 3 rows
2026-05-10 12:29:42  INFO          OH: 3 rows
2026-05-10 12:29:42  INFO          MI: 3 rows
2026-05-10 12:29:43  INFO          IL: 3 rows
2026-05-10 12:29:43  INFO          PA: 3 rows
2026-05-10 12:29:44  INFO          NJ: 3 rows
2026-05-10 12:29:44  INFO          MA: 3 rows
2026-05-10 12:29:44  INFO          VA: 3 rows
2026-05-10 12:29:45  INFO          MD: 3 rows
2026-05-10 12:29:45  INFO          MN: 3 rows
2026-05-10 12:29:46  INFO          WI: 3 rows
2026-05-10 12:29:46  INFO          UT: 3 rows
2026-05-10 12:29:47  INFO          ID: 3 rows
2026-05-10 12:29:47  INFO      JSON exported → signals_live.json  (21 signals, 25 states)
2026-05-10 12:29:47  INFO      Run complete — 21 OK, 0 failed
2026-05-13 22:39:05  INFO      Database initialised → signals.db
2026-05-13 22:39:05  INFO      ============================================================
2026-05-13 22:39:05  INFO      MortgageIQ Pipeline — fetch run starting (2026-05-13 22:39)
2026-05-13 22:39:05  INFO      ============================================================
2026-05-13 22:39:05  INFO        Fetching fedFunds (FEDFUNDS)…
2026-05-13 22:39:06  INFO          → 25 observations saved
2026-05-13 22:39:06  INFO        Fetching sofr (SOFR)…
2026-05-13 22:39:06  INFO          → 114 observations saved
2026-05-13 22:39:06  INFO        Fetching tenYrTsy (DGS10)…
2026-05-13 22:39:07  INFO          → 115 observations saved
2026-05-13 22:39:07  INFO        Fetching twoYrTsy (DGS2)…
2026-05-13 22:39:07  INFO          → 115 observations saved
2026-05-13 22:39:07  INFO        Fetching pmms30 (MORTGAGE30US)…
2026-05-13 22:39:08  INFO          → 106 observations saved
2026-05-13 22:39:08  INFO        Fetching pmms15 (MORTGAGE15US)…
2026-05-13 22:39:08  INFO          → 106 observations saved
2026-05-13 22:39:08  INFO        Fetching mba30 (OBMMIC30YF)…
2026-05-13 22:39:08  INFO          → 113 observations saved
2026-05-13 22:39:08  INFO        Fetching cpi (CPIAUCSL)…
2026-05-13 22:39:09  INFO          → 12 observations saved
2026-05-13 22:39:09  INFO        Fetching corePce (PCEPILFE)…
2026-05-13 22:39:09  INFO          → 12 observations saved
2026-05-13 22:39:09  INFO        Fetching ppi (PPIACO)…
2026-05-13 22:39:10  INFO          → 13 observations saved
2026-05-13 22:39:10  INFO        Fetching unemployment (UNRATE)…
2026-05-13 22:39:10  INFO          → 24 observations saved
2026-05-13 22:39:10  INFO        Fetching nfp (PAYEMS)…
2026-05-13 22:39:10  INFO          → 24 observations saved
2026-05-13 22:39:11  INFO        Fetching jolts (JTSJOL)…
2026-05-13 22:39:11  INFO          → 24 observations saved
2026-05-13 22:39:11  INFO        Fetching hpiNational (CSUSHPISA)…
2026-05-13 22:39:11  INFO          → 11 observations saved
2026-05-13 22:39:11  INFO        Fetching housingStarts (HOUST)…
2026-05-13 22:39:12  INFO          → 24 observations saved
2026-05-13 22:39:12  INFO        Fetching existingHomeSales (EXHOSLUSM495S)…
2026-05-13 22:39:12  INFO          → 13 observations saved
2026-05-13 22:39:12  INFO        Fetching mortgageDelinquency (DRSFRMACBS)…
2026-05-13 22:39:12  INFO          → 7 observations saved
2026-05-13 22:39:13  INFO        Fetching refiBoomster (MORTGAGE30US)…
2026-05-13 22:39:13  INFO          → 106 observations saved
2026-05-13 22:39:13  INFO        Fetching igSpread (BAMLC0A0CM)…
2026-05-13 22:39:13  INFO          → 118 observations saved
2026-05-13 22:39:13  INFO        Fetching hySpread (BAMLH0A0HYM2)…
2026-05-13 22:39:14  INFO          → 118 observations saved
2026-05-13 22:39:14  INFO        Fetching mbsSpread (MORTGAGE30US)…
2026-05-13 22:39:14  INFO          → 106 observations saved
2026-05-13 22:39:14  INFO        Fetching HPI by state…
2026-05-13 22:39:15  INFO          CA: 3 rows
2026-05-13 22:39:15  INFO          TX: 3 rows
2026-05-13 22:39:15  INFO          FL: 3 rows
2026-05-13 22:39:16  INFO          NY: 3 rows
2026-05-13 22:39:16  INFO          WA: 3 rows
2026-05-13 22:39:17  INFO          CO: 3 rows
2026-05-13 22:39:17  INFO          AZ: 3 rows
2026-05-13 22:39:17  INFO          NV: 3 rows
2026-05-13 22:39:18  INFO          OR: 3 rows
2026-05-13 22:39:18  INFO          GA: 3 rows
2026-05-13 22:39:19  INFO          NC: 3 rows
2026-05-13 22:39:19  INFO          SC: 3 rows
2026-05-13 22:39:19  INFO          TN: 3 rows
2026-05-13 22:39:20  INFO          OH: 3 rows
2026-05-13 22:39:20  INFO          MI: 3 rows
2026-05-13 22:39:21  INFO          IL: 3 rows
2026-05-13 22:39:21  INFO          PA: 3 rows
2026-05-13 22:39:22  INFO          NJ: 3 rows
2026-05-13 22:39:23  INFO          MA: 3 rows
2026-05-13 22:39:23  INFO          VA: 3 rows
2026-05-13 22:39:24  INFO          MD: 3 rows
2026-05-13 22:39:25  INFO          MN: 3 rows
2026-05-13 22:39:25  INFO          WI: 3 rows
2026-05-13 22:39:25  INFO          UT: 3 rows
2026-05-13 22:39:26  INFO          ID: 3 rows
2026-05-13 22:39:26  INFO      JSON exported → signals_live.json  (21 signals, 25 states)
2026-05-13 22:39:26  INFO      Run complete — 21 OK, 0 failed
2026-05-30 19:02:16  INFO      Database initialised → signals.db
2026-05-30 19:02:16  INFO      ============================================================
2026-05-30 19:02:16  INFO      MortgageIQ Pipeline — fetch run starting (2026-05-30 19:02)
2026-05-30 19:02:16  INFO      ============================================================
2026-05-30 19:02:16  INFO        Fetching fedFunds (FEDFUNDS)…
2026-05-30 19:02:16  INFO          → 24 observations saved
2026-05-30 19:02:16  INFO        Fetching sofr (SOFR)…
2026-05-30 19:02:16  INFO          → 114 observations saved
2026-05-30 19:02:16  INFO        Fetching tenYrTsy (DGS10)…
2026-05-30 19:02:17  ERROR         ✗ tenYrTsy: 429 Client Error: Too Many Requests for url: https://api.stlouisfed.org/fred/series/observations?series_id=DGS10&api_key=4876db465a18771018c031f8a39db725&file_type=json&sort_order=desc&limit=120&observation_start=2024-05-16
2026-05-30 19:02:17  INFO        Fetching twoYrTsy (DGS2)…
2026-05-30 19:02:17  INFO          → 115 observations saved
2026-05-30 19:02:17  INFO        Fetching pmms30 (MORTGAGE30US)…
2026-05-30 19:02:18  INFO          → 107 observations saved
2026-05-30 19:02:18  INFO        Fetching pmms15 (MORTGAGE15US)…
2026-05-30 19:02:18  ERROR         ✗ pmms15: 429 Client Error: Too Many Requests for url: https://api.stlouisfed.org/fred/series/observations?series_id=MORTGAGE15US&api_key=4876db465a18771018c031f8a39db725&file_type=json&sort_order=desc&limit=120&observation_start=2024-05-16
2026-05-30 19:02:18  INFO        Fetching mba30 (OBMMIC30YF)…
2026-05-30 19:02:18  INFO          → 114 observations saved
2026-05-30 19:02:19  INFO        Fetching cpi (CPIAUCSL)…
2026-05-30 19:02:19  INFO          → 11 observations saved
2026-05-30 19:02:19  INFO        Fetching corePce (PCEPILFE)…
2026-05-30 19:02:20  INFO          → 12 observations saved
2026-05-30 19:02:20  INFO        Fetching ppi (PPIACO)…
2026-05-30 19:02:20  INFO          → 12 observations saved
2026-05-30 19:02:20  INFO        Fetching unemployment (UNRATE)…
2026-05-30 19:02:21  INFO          → 23 observations saved
2026-05-30 19:02:21  INFO        Fetching nfp (PAYEMS)…
2026-05-30 19:02:21  INFO          → 23 observations saved
2026-05-30 19:02:21  INFO        Fetching jolts (JTSJOL)…
2026-05-30 19:02:22  INFO          → 23 observations saved
2026-05-30 19:02:22  INFO        Fetching hpiNational (CSUSHPISA)…
2026-05-30 19:02:23  INFO          → 11 observations saved
2026-05-30 19:02:23  INFO        Fetching housingStarts (HOUST)…
2026-05-30 19:02:23  INFO          → 24 observations saved
2026-05-30 19:02:24  INFO        Fetching existingHomeSales (EXHOSLUSM495S)…
2026-05-30 19:02:24  ERROR         ✗ existingHomeSales: 429 Client Error: Too Many Requests for url: https://api.stlouisfed.org/fred/series/observations?series_id=EXHOSLUSM495S&api_key=4876db465a18771018c031f8a39db725&file_type=json&sort_order=desc&limit=120&observation_start=2024-05-16
2026-05-30 19:02:24  INFO        Fetching mortgageDelinquency (DRSFRMACBS)…
2026-05-30 19:02:24  INFO          → 8 observations saved
2026-05-30 19:02:24  INFO        Fetching refiBoomster (MORTGAGE30US)…
2026-05-30 19:02:25  INFO          → 107 observations saved
2026-05-30 19:02:25  INFO        Fetching igSpread (BAMLC0A0CM)…
2026-05-30 19:02:25  ERROR         ✗ igSpread: 429 Client Error: Too Many Requests for url: https://api.stlouisfed.org/fred/series/observations?series_id=BAMLC0A0CM&api_key=4876db465a18771018c031f8a39db725&file_type=json&sort_order=desc&limit=120&observation_start=2024-05-16
2026-05-30 19:02:25  INFO        Fetching hySpread (BAMLH0A0HYM2)…
2026-05-30 19:02:26  INFO          → 118 observations saved
2026-05-30 19:02:26  INFO        Fetching mbsSpread (MORTGAGE30US)…
2026-05-30 19:02:26  INFO          → 107 observations saved
2026-05-30 19:02:26  INFO        Fetching HPI by state…
2026-05-30 19:02:26  WARNING       ✗ HPI CA: 429 Client Error: Too Many Requests for url: https://api.stlouisfed.org/fred/series/observations?series_id=CASTHPI&api_key=4876db465a18771018c031f8a39db725&file_type=json&sort_order=desc&limit=120&observation_start=2024-05-16
2026-05-30 19:02:27  INFO          TX: 4 rows
2026-05-30 19:02:27  INFO          FL: 4 rows
2026-05-30 19:02:28  WARNING       ✗ HPI NY: 429 Client Error: Too Many Requests for url: https://api.stlouisfed.org/fred/series/observations?series_id=NYSTHPI&api_key=4876db465a18771018c031f8a39db725&file_type=json&sort_order=desc&limit=120&observation_start=2024-05-16
2026-05-30 19:02:28  INFO          WA: 4 rows
2026-05-30 19:02:28  INFO          CO: 4 rows
2026-05-30 19:02:29  WARNING       ✗ HPI AZ: 429 Client Error: Too Many Requests for url: https://api.stlouisfed.org/fred/series/observations?series_id=AZSTHPI&api_key=4876db465a18771018c031f8a39db725&file_type=json&sort_order=desc&limit=120&observation_start=2024-05-16
2026-05-30 19:02:29  INFO          NV: 4 rows
2026-05-30 19:02:29  INFO          OR: 4 rows
2026-05-30 19:02:30  WARNING       ✗ HPI GA: 429 Client Error: Too Many Requests for url: https://api.stlouisfed.org/fred/series/observations?series_id=GASTHPI&api_key=4876db465a18771018c031f8a39db725&file_type=json&sort_order=desc&limit=120&observation_start=2024-05-16
2026-05-30 19:02:30  INFO          NC: 4 rows
2026-05-30 19:02:31  INFO          SC: 4 rows
2026-05-30 19:02:31  WARNING       ✗ HPI TN: 429 Client Error: Too Many Requests for url: https://api.stlouisfed.org/fred/series/observations?series_id=TNSTHPI&api_key=4876db465a18771018c031f8a39db725&file_type=json&sort_order=desc&limit=120&observation_start=2024-05-16
2026-05-30 19:02:32  INFO          OH: 4 rows
2026-05-30 19:02:32  INFO          MI: 4 rows
2026-05-30 19:02:33  INFO          IL: 4 rows
2026-05-30 19:02:33  INFO          PA: 4 rows
2026-05-30 19:02:34  INFO          NJ: 4 rows
2026-05-30 19:02:34  INFO          MA: 4 rows
2026-05-30 19:02:34  WARNING       ✗ HPI VA: 429 Client Error: Too Many Requests for url: https://api.stlouisfed.org/fred/series/observations?series_id=VASTHPI&api_key=4876db465a18771018c031f8a39db725&file_type=json&sort_order=desc&limit=120&observation_start=2024-05-16
2026-05-30 19:02:35  INFO          MD: 4 rows
2026-05-30 19:02:35  INFO          MN: 4 rows
2026-05-30 19:02:36  WARNING       ✗ HPI WI: 429 Client Error: Too Many Requests for url: https://api.stlouisfed.org/fred/series/observations?series_id=WISTHPI&api_key=4876db465a18771018c031f8a39db725&file_type=json&sort_order=desc&limit=120&observation_start=2024-05-16
2026-05-30 19:02:36  INFO          UT: 4 rows
2026-05-30 19:02:36  INFO          ID: 4 rows
2026-05-30 19:02:37  INFO      JSON exported → signals_live.json  (21 signals, 25 states)
2026-05-30 19:02:37  INFO      Run complete — 17 OK, 4 failed
2026-06-09 00:38:16  INFO      Database initialised → signals.db
2026-06-09 00:38:16  INFO      ============================================================
2026-06-09 00:38:16  INFO      MortgageIQ Pipeline — fetch run starting (2026-06-09 00:38)
2026-06-09 00:38:16  INFO      ============================================================
2026-06-09 00:38:16  INFO        Fetching fedFunds (FEDFUNDS)…
2026-06-09 00:38:16  INFO          → 25 observations saved
2026-06-09 00:38:17  INFO        Fetching sofr (SOFR)…
2026-06-09 00:38:17  INFO          → 114 observations saved
2026-06-09 00:38:17  INFO        Fetching tenYrTsy (DGS10)…
2026-06-09 00:38:18  INFO          → 115 observations saved
2026-06-09 00:38:18  INFO        Fetching twoYrTsy (DGS2)…
2026-06-09 00:38:18  INFO          → 115 observations saved
2026-06-09 00:38:19  INFO        Fetching pmms30 (MORTGAGE30US)…
2026-06-09 00:38:19  INFO          → 106 observations saved
2026-06-09 00:38:20  INFO        Fetching pmms15 (MORTGAGE15US)…
2026-06-09 00:38:20  INFO          → 106 observations saved
2026-06-09 00:38:21  INFO        Fetching mba30 (OBMMIC30YF)…
2026-06-09 00:38:21  INFO          → 114 observations saved
2026-06-09 00:38:21  INFO        Fetching cpi (CPIAUCSL)…
2026-06-09 00:38:22  INFO          → 11 observations saved
2026-06-09 00:38:23  INFO        Fetching corePce (PCEPILFE)…
2026-06-09 00:38:23  INFO          → 12 observations saved
2026-06-09 00:38:24  INFO        Fetching ppi (PPIACO)…
2026-06-09 00:38:24  INFO          → 12 observations saved
2026-06-09 00:38:24  INFO        Fetching unemployment (UNRATE)…
2026-06-09 00:38:24  INFO          → 24 observations saved
2026-06-09 00:38:25  INFO        Fetching nfp (PAYEMS)…
2026-06-09 00:38:25  INFO          → 24 observations saved
2026-06-09 00:38:26  INFO        Fetching jolts (JTSJOL)…
2026-06-09 00:38:26  INFO          → 24 observations saved
2026-06-09 00:38:26  INFO        Fetching hpiNational (CSUSHPISA)…
2026-06-09 00:38:27  INFO          → 11 observations saved
2026-06-09 00:38:27  INFO        Fetching housingStarts (HOUST)…
2026-06-09 00:38:27  INFO          → 24 observations saved
2026-06-09 00:38:28  INFO        Fetching existingHomeSales (EXHOSLUSM495S)…
2026-06-09 00:38:28  INFO          → 13 observations saved
2026-06-09 00:38:29  INFO        Fetching mortgageDelinquency (DRSFRMACBS)…
2026-06-09 00:38:29  INFO          → 8 observations saved
2026-06-09 00:38:29  INFO        Fetching refiBoomster (MORTGAGE30US)…
2026-06-09 00:38:30  INFO          → 106 observations saved
2026-06-09 00:38:30  INFO        Fetching igSpread (BAMLC0A0CM)…
2026-06-09 00:38:30  INFO          → 118 observations saved
2026-06-09 00:38:31  INFO        Fetching hySpread (BAMLH0A0HYM2)…
2026-06-09 00:38:31  INFO          → 118 observations saved
2026-06-09 00:38:32  INFO        Fetching mbsSpread (MORTGAGE30US)…
2026-06-09 00:38:32  INFO          → 106 observations saved
2026-06-09 00:38:32  INFO        Fetching HPI by state…
2026-06-09 00:38:33  INFO          CA: 4 rows
2026-06-09 00:38:33  INFO          TX: 4 rows
2026-06-09 00:38:34  INFO          FL: 4 rows
2026-06-09 00:38:35  INFO          NY: 4 rows
2026-06-09 00:38:36  INFO          WA: 4 rows
2026-06-09 00:38:37  INFO          CO: 4 rows
2026-06-09 00:38:37  INFO          AZ: 4 rows
2026-06-09 00:38:38  INFO          NV: 4 rows
2026-06-09 00:38:39  INFO          OR: 4 rows
2026-06-09 00:38:40  INFO          GA: 4 rows
2026-06-09 00:38:41  INFO          NC: 4 rows
2026-06-09 00:38:41  INFO          SC: 4 rows
2026-06-09 00:38:42  INFO          TN: 4 rows
2026-06-09 00:38:43  INFO          OH: 4 rows
2026-06-09 00:38:44  INFO          MI: 4 rows
2026-06-09 00:38:45  INFO          IL: 4 rows
2026-06-09 00:38:47  WARNING       ✗ HPI PA: HTTPSConnectionPool(host='api.stlouisfed.org', port=443): Max retries exceeded with url: /fred/series/observations?series_id=PASTHPI&api_key=4876db465a18771018c031f8a39db725&file_type=json&sort_order=desc&limit=120&observation_start=2024-05-26 (Caused by NewConnectionError("HTTPSConnection(host='api.stlouisfed.org', port=443): Failed to establish a new connection: [Errno 61] Connection refused"))
2026-06-09 00:38:47  WARNING       ✗ HPI NJ: HTTPSConnectionPool(host='api.stlouisfed.org', port=443): Max retries exceeded with url: /fred/series/observations?series_id=NJSTHPI&api_key=4876db465a18771018c031f8a39db725&file_type=json&sort_order=desc&limit=120&observation_start=2024-05-26 (Caused by NewConnectionError("HTTPSConnection(host='api.stlouisfed.org', port=443): Failed to establish a new connection: [Errno 61] Connection refused"))
2026-06-09 00:38:47  WARNING       ✗ HPI MA: HTTPSConnectionPool(host='api.stlouisfed.org', port=443): Max retries exceeded with url: /fred/series/observations?series_id=MASTHPI&api_key=4876db465a18771018c031f8a39db725&file_type=json&sort_order=desc&limit=120&observation_start=2024-05-26 (Caused by NewConnectionError("HTTPSConnection(host='api.stlouisfed.org', port=443): Failed to establish a new connection: [Errno 61] Connection refused"))
2026-06-09 00:38:47  WARNING       ✗ HPI VA: HTTPSConnectionPool(host='api.stlouisfed.org', port=443): Max retries exceeded with url: /fred/series/observations?series_id=VASTHPI&api_key=4876db465a18771018c031f8a39db725&file_type=json&sort_order=desc&limit=120&observation_start=2024-05-26 (Caused by NewConnectionError("HTTPSConnection(host='api.stlouisfed.org', port=443): Failed to establish a new connection: [Errno 61] Connection refused"))
2026-06-09 00:38:47  WARNING       ✗ HPI MD: HTTPSConnectionPool(host='api.stlouisfed.org', port=443): Max retries exceeded with url: /fred/series/observations?series_id=MDSTHPI&api_key=4876db465a18771018c031f8a39db725&file_type=json&sort_order=desc&limit=120&observation_start=2024-05-26 (Caused by NewConnectionError("HTTPSConnection(host='api.stlouisfed.org', port=443): Failed to establish a new connection: [Errno 61] Connection refused"))
2026-06-09 00:38:47  WARNING       ✗ HPI MN: HTTPSConnectionPool(host='api.stlouisfed.org', port=443): Max retries exceeded with url: /fred/series/observations?series_id=MNSTHPI&api_key=4876db465a18771018c031f8a39db725&file_type=json&sort_order=desc&limit=120&observation_start=2024-05-26 (Caused by NewConnectionError("HTTPSConnection(host='api.stlouisfed.org', port=443): Failed to establish a new connection: [Errno 61] Connection refused"))
2026-06-09 00:38:47  WARNING       ✗ HPI WI: HTTPSConnectionPool(host='api.stlouisfed.org', port=443): Max retries exceeded with url: /fred/series/observations?series_id=WISTHPI&api_key=4876db465a18771018c031f8a39db725&file_type=json&sort_order=desc&limit=120&observation_start=2024-05-26 (Caused by NewConnectionError("HTTPSConnection(host='api.stlouisfed.org', port=443): Failed to establish a new connection: [Errno 61] Connection refused"))
2026-06-09 00:38:47  WARNING       ✗ HPI UT: HTTPSConnectionPool(host='api.stlouisfed.org', port=443): Max retries exceeded with url: /fred/series/observations?series_id=UTSTHPI&api_key=4876db465a18771018c031f8a39db725&file_type=json&sort_order=desc&limit=120&observation_start=2024-05-26 (Caused by NewConnectionError("HTTPSConnection(host='api.stlouisfed.org', port=443): Failed to establish a new connection: [Errno 61] Connection refused"))
2026-06-09 00:38:47  WARNING       ✗ HPI ID: HTTPSConnectionPool(host='api.stlouisfed.org', port=443): Max retries exceeded with url: /fred/series/observations?series_id=IDSTHPI&api_key=4876db465a18771018c031f8a39db725&file_type=json&sort_order=desc&limit=120&observation_start=2024-05-26 (Caused by NewConnectionError("HTTPSConnection(host='api.stlouisfed.org', port=443): Failed to establish a new connection: [Errno 61] Connection refused"))
2026-06-09 00:38:47  INFO      JSON exported → signals_live.json  (21 signals, 25 states)
2026-06-09 00:38:47  INFO      Run complete — 21 OK, 0 failed
2026-06-09 00:47:42  INFO      Database initialised → signals.db
2026-06-09 00:47:42  INFO      ============================================================
2026-06-09 00:47:42  INFO      MortgageIQ Pipeline — fetch run starting (2026-06-09 00:47)
2026-06-09 00:47:42  INFO      ============================================================
2026-06-09 00:47:42  INFO        Fetching fedFunds (FEDFUNDS)…
2026-06-09 00:47:42  INFO          → 25 observations saved
2026-06-09 00:47:43  INFO        Fetching sofr (SOFR)…
2026-06-09 00:47:43  INFO          → 114 observations saved
2026-06-09 00:47:43  INFO        Fetching tenYrTsy (DGS10)…
2026-06-09 00:47:43  INFO          → 115 observations saved
2026-06-09 00:47:44  INFO        Fetching twoYrTsy (DGS2)…
2026-06-09 00:47:44  INFO          → 115 observations saved
2026-06-09 00:47:45  INFO        Fetching pmms30 (MORTGAGE30US)…
2026-06-09 00:47:45  INFO          → 106 observations saved
2026-06-09 00:47:45  INFO        Fetching pmms15 (MORTGAGE15US)…
2026-06-09 00:47:46  INFO          → 106 observations saved
2026-06-09 00:47:46  INFO        Fetching mba30 (OBMMIC30YF)…
2026-06-09 00:47:47  INFO          → 114 observations saved
2026-06-09 00:47:47  INFO        Fetching cpi (CPIAUCSL)…
2026-06-09 00:47:47  INFO          → 11 observations saved
2026-06-09 00:47:48  INFO        Fetching corePce (PCEPILFE)…
2026-06-09 00:47:48  INFO          → 12 observations saved
2026-06-09 00:47:49  INFO        Fetching ppi (PPIACO)…
2026-06-09 00:47:49  INFO          → 12 observations saved
2026-06-09 00:47:49  INFO        Fetching unemployment (UNRATE)…
2026-06-09 00:47:50  INFO          → 24 observations saved
2026-06-09 00:47:50  INFO        Fetching nfp (PAYEMS)…
2026-06-09 00:47:50  INFO          → 24 observations saved
2026-06-09 00:47:51  INFO        Fetching jolts (JTSJOL)…
2026-06-09 00:47:51  INFO          → 24 observations saved
2026-06-09 00:47:51  INFO        Fetching hpiNational (CSUSHPISA)…
2026-06-09 00:47:52  INFO          → 11 observations saved
2026-06-09 00:47:52  INFO        Fetching housingStarts (HOUST)…
2026-06-09 00:47:52  INFO          → 24 observations saved
2026-06-09 00:47:53  INFO        Fetching existingHomeSales (EXHOSLUSM495S)…
2026-06-09 00:47:53  INFO          → 13 observations saved
2026-06-09 00:47:54  INFO        Fetching mortgageDelinquency (DRSFRMACBS)…
2026-06-09 00:47:54  INFO          → 8 observations saved
2026-06-09 00:47:54  INFO        Fetching refiBoomster (MORTGAGE30US)…
2026-06-09 00:47:54  INFO          → 106 observations saved
2026-06-09 00:47:55  INFO        Fetching igSpread (BAMLC0A0CM)…
2026-06-09 00:47:55  INFO          → 118 observations saved
2026-06-09 00:47:56  INFO        Fetching hySpread (BAMLH0A0HYM2)…
2026-06-09 00:47:56  INFO          → 118 observations saved
2026-06-09 00:47:56  INFO        Fetching mbsSpread (MORTGAGE30US)…
2026-06-09 00:47:57  INFO          → 106 observations saved
2026-06-09 00:47:57  INFO        Fetching HPI by state…
2026-06-09 00:47:57  INFO          CA: 4 rows
2026-06-09 00:47:58  INFO          TX: 4 rows
2026-06-09 00:47:59  INFO          FL: 4 rows
2026-06-09 00:47:59  INFO          NY: 4 rows
2026-06-09 00:48:02  INFO          WA: 4 rows
2026-06-09 00:48:03  INFO          CO: 4 rows
2026-06-09 00:48:04  INFO          AZ: 4 rows
2026-06-09 00:48:04  INFO          NV: 4 rows
2026-06-09 00:48:05  INFO          OR: 4 rows
2026-06-09 00:48:06  INFO          GA: 4 rows
2026-06-09 00:48:06  INFO          NC: 4 rows
2026-06-09 00:48:07  INFO          SC: 4 rows
2026-06-09 00:48:08  INFO          TN: 4 rows
2026-06-09 00:48:09  INFO          OH: 4 rows
2026-06-09 00:48:09  INFO          MI: 4 rows
2026-06-09 00:48:10  INFO          IL: 4 rows
2026-06-09 00:48:11  INFO          PA: 4 rows
2026-06-09 00:48:12  INFO          NJ: 4 rows
2026-06-09 00:48:13  INFO          MA: 4 rows
2026-06-09 00:48:14  INFO          VA: 4 rows
2026-06-09 00:48:15  INFO          MD: 4 rows
2026-06-09 00:48:15  INFO          MN: 4 rows
2026-06-09 00:48:16  INFO          WI: 4 rows
2026-06-09 00:48:17  INFO          UT: 4 rows
2026-06-09 00:48:18  INFO          ID: 4 rows
2026-06-09 00:48:19  INFO      JSON exported → signals_live.json  (21 signals, 25 states)
2026-06-09 00:48:19  INFO      Run complete — 21 OK, 0 failed
2026-06-09 23:23:39  INFO      Database initialised → signals.db
2026-06-09 23:23:39  INFO      ============================================================
2026-06-09 23:23:39  INFO      MortgageIQ Pipeline — fetch run starting (2026-06-09 23:23)
2026-06-09 23:23:39  INFO      ============================================================
2026-06-09 23:23:39  INFO        Fetching fedFunds (FEDFUNDS)…
2026-06-09 23:23:39  INFO          → 25 observations saved
2026-06-09 23:23:39  INFO        Fetching sofr (SOFR)…
2026-06-09 23:23:40  INFO          → 114 observations saved
2026-06-09 23:23:40  INFO        Fetching tenYrTsy (DGS10)…
2026-06-09 23:23:40  INFO          → 115 observations saved
2026-06-09 23:23:41  INFO        Fetching twoYrTsy (DGS2)…
2026-06-09 23:23:41  INFO          → 115 observations saved
2026-06-09 23:23:42  INFO        Fetching pmms30 (MORTGAGE30US)…
2026-06-09 23:23:42  INFO          → 106 observations saved
2026-06-09 23:23:43  INFO        Fetching pmms15 (MORTGAGE15US)…
2026-06-09 23:23:43  INFO          → 106 observations saved
2026-06-09 23:23:43  INFO        Fetching mba30 (OBMMIC30YF)…
2026-06-09 23:23:44  INFO          → 114 observations saved
2026-06-09 23:23:44  INFO        Fetching cpi (CPIAUCSL)…
2026-06-09 23:23:45  INFO          → 11 observations saved
2026-06-09 23:23:46  INFO        Fetching corePce (PCEPILFE)…
2026-06-09 23:23:46  INFO          → 12 observations saved
2026-06-09 23:23:46  INFO        Fetching ppi (PPIACO)…
2026-06-09 23:23:47  INFO          → 12 observations saved
2026-06-09 23:23:47  INFO        Fetching unemployment (UNRATE)…
2026-06-09 23:23:47  INFO          → 24 observations saved
2026-06-09 23:23:48  INFO        Fetching nfp (PAYEMS)…
2026-06-09 23:23:48  INFO          → 24 observations saved
2026-06-09 23:23:49  INFO        Fetching jolts (JTSJOL)…
2026-06-09 23:23:49  INFO          → 24 observations saved
2026-06-09 23:23:49  INFO        Fetching hpiNational (CSUSHPISA)…
2026-06-09 23:23:50  INFO          → 11 observations saved
2026-06-09 23:23:50  INFO        Fetching housingStarts (HOUST)…
2026-06-09 23:23:50  INFO          → 24 observations saved
2026-06-09 23:23:51  INFO        Fetching existingHomeSales (EXHOSLUSM495S)…
2026-06-09 23:23:51  INFO          → 13 observations saved
2026-06-09 23:23:52  INFO        Fetching mortgageDelinquency (DRSFRMACBS)…
2026-06-09 23:23:52  INFO          → 8 observations saved
2026-06-09 23:23:52  INFO        Fetching refiBoomster (MORTGAGE30US)…
2026-06-09 23:23:53  INFO          → 106 observations saved
2026-06-09 23:23:53  INFO        Fetching igSpread (BAMLC0A0CM)…
2026-06-09 23:23:53  INFO          → 119 observations saved
2026-06-09 23:23:54  INFO        Fetching hySpread (BAMLH0A0HYM2)…
2026-06-09 23:23:54  INFO          → 119 observations saved
2026-06-09 23:23:55  INFO        Fetching mbsSpread (MORTGAGE30US)…
2026-06-09 23:23:55  INFO          → 106 observations saved
2026-06-09 23:23:55  INFO        Fetching HPI by state…
2026-06-09 23:23:56  INFO          CA: 4 rows
2026-06-09 23:23:56  INFO          TX: 4 rows
2026-06-09 23:23:57  INFO          FL: 4 rows
2026-06-09 23:23:58  INFO          NY: 4 rows
2026-06-09 23:23:59  INFO          WA: 4 rows
2026-06-09 23:23:59  INFO          CO: 4 rows
2026-06-09 23:24:02  INFO          AZ: 4 rows
2026-06-09 23:24:03  INFO          NV: 4 rows
2026-06-09 23:24:03  INFO          OR: 4 rows
2026-06-09 23:24:04  INFO          GA: 4 rows
2026-06-09 23:24:05  INFO          NC: 4 rows
2026-06-09 23:24:06  INFO          SC: 4 rows
2026-06-09 23:24:06  INFO          TN: 4 rows
2026-06-09 23:24:07  INFO          OH: 4 rows
2026-06-09 23:24:08  INFO          MI: 4 rows
2026-06-09 23:24:09  INFO          IL: 4 rows
2026-06-09 23:24:09  INFO          PA: 4 rows
2026-06-09 23:24:10  INFO          NJ: 4 rows
2026-06-09 23:24:11  INFO          MA: 4 rows
2026-06-09 23:24:11  INFO          VA: 4 rows
2026-06-09 23:24:12  INFO          MD: 4 rows
2026-06-09 23:24:13  INFO          MN: 4 rows
2026-06-09 23:24:14  INFO          WI: 4 rows
2026-06-09 23:24:14  INFO          UT: 4 rows
2026-06-09 23:24:15  INFO          ID: 4 rows
2026-06-09 23:24:16  INFO      JSON exported → signals_live.json  (21 signals, 25 states)
2026-06-09 23:24:16  INFO      Run complete — 21 OK, 0 failed
2026-06-12 22:42:20  INFO      Database initialised → signals.db
2026-06-12 22:42:20  INFO      ============================================================
2026-06-12 22:42:20  INFO      MortgageIQ Pipeline — fetch run starting (2026-06-12 22:42)
2026-06-12 22:42:20  INFO      ============================================================
2026-06-12 22:42:20  INFO        Fetching fedFunds (FEDFUNDS)…
2026-06-12 22:42:20  INFO          → 25 observations saved
2026-06-12 22:42:21  INFO        Fetching sofr (SOFR)…
2026-06-12 22:42:21  INFO          → 115 observations saved
2026-06-12 22:42:22  INFO        Fetching tenYrTsy (DGS10)…
2026-06-12 22:42:22  INFO          → 116 observations saved
2026-06-12 22:42:22  INFO        Fetching twoYrTsy (DGS2)…
2026-06-12 22:42:23  INFO          → 116 observations saved
2026-06-12 22:42:23  INFO        Fetching pmms30 (MORTGAGE30US)…
2026-06-12 22:42:23  INFO          → 107 observations saved
2026-06-12 22:42:24  INFO        Fetching pmms15 (MORTGAGE15US)…
2026-06-12 22:42:24  INFO          → 107 observations saved
2026-06-12 22:42:25  INFO        Fetching mba30 (OBMMIC30YF)…
2026-06-12 22:42:25  INFO          → 116 observations saved
2026-06-12 22:42:26  INFO        Fetching cpi (CPIAUCSL)…
2026-06-12 22:42:26  INFO          → 12 observations saved
2026-06-12 22:42:26  INFO        Fetching corePce (PCEPILFE)…
2026-06-12 22:42:27  INFO          → 12 observations saved
2026-06-12 22:42:27  INFO        Fetching ppi (PPIACO)…
2026-06-12 22:42:27  INFO          → 13 observations saved
2026-06-12 22:42:28  INFO        Fetching unemployment (UNRATE)…
2026-06-12 22:42:28  INFO          → 24 observations saved
2026-06-12 22:42:29  INFO        Fetching nfp (PAYEMS)…
2026-06-12 22:42:29  INFO          → 24 observations saved
2026-06-12 22:42:29  INFO        Fetching jolts (JTSJOL)…
2026-06-12 22:42:30  INFO          → 24 observations saved
2026-06-12 22:42:30  INFO        Fetching hpiNational (CSUSHPISA)…
2026-06-12 22:42:31  INFO          → 11 observations saved
2026-06-12 22:42:31  INFO        Fetching housingStarts (HOUST)…
2026-06-12 22:42:32  INFO          → 24 observations saved
2026-06-12 22:42:32  INFO        Fetching existingHomeSales (EXHOSLUSM495S)…
2026-06-12 22:42:32  INFO          → 13 observations saved
2026-06-12 22:42:33  INFO        Fetching mortgageDelinquency (DRSFRMACBS)…
2026-06-12 22:42:33  INFO          → 8 observations saved
2026-06-12 22:42:34  INFO        Fetching refiBoomster (MORTGAGE30US)…
2026-06-12 22:42:34  INFO          → 107 observations saved
2026-06-12 22:42:35  INFO        Fetching igSpread (BAMLC0A0CM)…
2026-06-12 22:42:35  INFO          → 119 observations saved
2026-06-12 22:42:35  INFO        Fetching hySpread (BAMLH0A0HYM2)…
2026-06-12 22:42:36  INFO          → 119 observations saved
2026-06-12 22:42:36  INFO        Fetching mbsSpread (MORTGAGE30US)…
2026-06-12 22:42:36  INFO          → 107 observations saved
2026-06-12 22:42:37  INFO        Fetching HPI by state…
2026-06-12 22:42:37  INFO          CA: 4 rows
2026-06-12 22:42:38  INFO          TX: 4 rows
2026-06-12 22:42:39  INFO          FL: 4 rows
2026-06-12 22:42:40  INFO          NY: 4 rows
2026-06-12 22:42:41  INFO          WA: 4 rows
2026-06-12 22:42:42  INFO          CO: 4 rows
2026-06-12 22:42:43  INFO          AZ: 4 rows
2026-06-12 22:42:43  INFO          NV: 4 rows
2026-06-12 22:42:44  INFO          OR: 4 rows
2026-06-12 22:42:45  INFO          GA: 4 rows
2026-06-12 22:42:46  INFO          NC: 4 rows
2026-06-12 22:42:47  INFO          SC: 4 rows
2026-06-12 22:42:48  INFO          TN: 4 rows
2026-06-12 22:42:49  INFO          OH: 4 rows
2026-06-12 22:42:50  INFO          MI: 4 rows
2026-06-12 22:42:51  INFO          IL: 4 rows
2026-06-12 22:42:52  INFO          PA: 4 rows
2026-06-12 22:42:52  INFO          NJ: 4 rows
2026-06-12 22:42:53  INFO          MA: 4 rows
2026-06-12 22:42:54  INFO          VA: 4 rows
2026-06-12 22:42:55  INFO          MD: 4 rows
2026-06-12 22:42:56  INFO          MN: 4 rows
2026-06-12 22:42:57  INFO          WI: 4 rows
2026-06-12 22:42:58  INFO          UT: 4 rows
2026-06-12 22:42:59  INFO          ID: 4 rows
2026-06-12 22:42:59  INFO      JSON exported → signals_live.json  (21 signals, 25 states)
2026-06-12 22:42:59  INFO      Run complete — 21 OK, 0 failed
2026-06-19 22:22:35  INFO      Database initialised → signals.db
2026-06-19 22:22:35  INFO      ============================================================
2026-06-19 22:22:35  INFO      MortgageIQ Pipeline — fetch run starting (2026-06-19 22:22)
2026-06-19 22:22:35  INFO      ============================================================
2026-06-19 22:22:35  INFO        Fetching fedFunds (FEDFUNDS)…
2026-06-19 22:22:35  INFO          → 24 observations saved
2026-06-19 22:22:36  INFO        Fetching sofr (SOFR)…
2026-06-19 22:22:36  INFO          → 115 observations saved
2026-06-19 22:22:37  INFO        Fetching tenYrTsy (DGS10)…
2026-06-19 22:22:37  INFO          → 116 observations saved
2026-06-19 22:22:37  INFO        Fetching twoYrTsy (DGS2)…
2026-06-19 22:22:38  INFO          → 116 observations saved
2026-06-19 22:22:38  INFO        Fetching pmms30 (MORTGAGE30US)…
2026-06-19 22:22:38  INFO          → 107 observations saved
2026-06-19 22:22:39  INFO        Fetching pmms15 (MORTGAGE15US)…
2026-06-19 22:22:39  INFO          → 107 observations saved
2026-06-19 22:22:40  INFO        Fetching mba30 (OBMMIC30YF)…
2026-06-19 22:22:40  INFO          → 116 observations saved
2026-06-19 22:22:40  INFO        Fetching cpi (CPIAUCSL)…
2026-06-19 22:22:41  INFO          → 11 observations saved
2026-06-19 22:22:41  INFO        Fetching corePce (PCEPILFE)…
2026-06-19 22:22:43  INFO          → 11 observations saved
2026-06-19 22:22:43  INFO        Fetching ppi (PPIACO)…
2026-06-19 22:22:43  INFO          → 12 observations saved
2026-06-19 22:22:44  INFO        Fetching unemployment (UNRATE)…
2026-06-19 22:22:44  INFO          → 23 observations saved
2026-06-19 22:22:45  INFO        Fetching nfp (PAYEMS)…
2026-06-19 22:22:45  INFO          → 23 observations saved
2026-06-19 22:22:45  INFO        Fetching jolts (JTSJOL)…
2026-06-19 22:22:46  INFO          → 23 observations saved
2026-06-19 22:22:46  INFO        Fetching hpiNational (CSUSHPISA)…
2026-06-19 22:22:46  INFO          → 10 observations saved
2026-06-19 22:22:47  INFO        Fetching housingStarts (HOUST)…
2026-06-19 22:22:47  INFO          → 24 observations saved
2026-06-19 22:22:48  INFO        Fetching existingHomeSales (EXHOSLUSM495S)…
2026-06-19 22:22:48  INFO          → 13 observations saved
2026-06-19 22:22:48  INFO        Fetching mortgageDelinquency (DRSFRMACBS)…
2026-06-19 22:22:49  INFO          → 8 observations saved
2026-06-19 22:22:49  INFO        Fetching refiBoomster (MORTGAGE30US)…
2026-06-19 22:22:50  INFO          → 107 observations saved
2026-06-19 22:22:50  INFO        Fetching igSpread (BAMLC0A0CM)…
2026-06-19 22:22:50  INFO          → 120 observations saved
2026-06-19 22:22:51  INFO        Fetching hySpread (BAMLH0A0HYM2)…
2026-06-19 22:22:51  INFO          → 120 observations saved
2026-06-19 22:22:52  INFO        Fetching mbsSpread (MORTGAGE30US)…
2026-06-19 22:22:52  INFO          → 107 observations saved
2026-06-19 22:22:52  INFO        Fetching HPI by state…
2026-06-19 22:22:53  INFO          CA: 4 rows
2026-06-19 22:22:53  INFO          TX: 4 rows
2026-06-19 22:22:54  INFO          FL: 4 rows
2026-06-19 22:22:55  INFO          NY: 4 rows
2026-06-19 22:22:56  INFO          WA: 4 rows
2026-06-19 22:22:57  INFO          CO: 4 rows
2026-06-19 22:22:58  INFO          AZ: 4 rows
2026-06-19 22:22:59  INFO          NV: 4 rows
2026-06-19 22:23:00  INFO          OR: 4 rows
2026-06-19 22:23:01  INFO          GA: 4 rows
2026-06-19 22:23:02  INFO          NC: 4 rows
2026-06-19 22:23:03  INFO          SC: 4 rows
2026-06-19 22:23:04  INFO          TN: 4 rows
2026-06-19 22:23:05  INFO          OH: 4 rows
2026-06-19 22:23:06  INFO          MI: 4 rows
2026-06-19 22:23:07  INFO          IL: 4 rows
2026-06-19 22:23:08  INFO          PA: 4 rows
2026-06-19 22:23:08  INFO          NJ: 4 rows
2026-06-19 22:23:09  INFO          MA: 4 rows
2026-06-19 22:23:10  INFO          VA: 4 rows
2026-06-19 22:23:11  INFO          MD: 4 rows
2026-06-19 22:23:12  INFO          MN: 4 rows
2026-06-19 22:23:13  INFO          WI: 4 rows
2026-06-19 22:23:14  INFO          UT: 4 rows
2026-06-19 22:23:15  INFO          ID: 4 rows
2026-06-19 22:23:16  INFO      JSON exported → signals_live.json  (21 signals, 25 states)
2026-06-19 22:23:16  INFO      Run complete — 21 OK, 0 failed
2026-07-04 15:36:40  INFO      Database initialised → signals.db
2026-07-04 15:36:40  INFO      ============================================================
2026-07-04 15:36:40  INFO      MortgageIQ Pipeline — fetch run starting (2026-07-04 15:36)
2026-07-04 15:36:40  INFO      ============================================================
2026-07-04 15:36:40  INFO        Fetching fedFunds (FEDFUNDS)…
2026-07-04 15:36:40  INFO          → 25 observations saved
2026-07-04 15:36:41  INFO        Fetching sofr (SOFR)…
2026-07-04 15:36:42  INFO          → 115 observations saved
2026-07-04 15:36:42  INFO        Fetching tenYrTsy (DGS10)…
2026-07-04 15:36:43  INFO          → 116 observations saved
2026-07-04 15:36:44  INFO        Fetching twoYrTsy (DGS2)…
2026-07-04 15:36:44  INFO          → 116 observations saved
2026-07-04 15:36:45  INFO        Fetching pmms30 (MORTGAGE30US)…
2026-07-04 15:36:45  INFO          → 107 observations saved
2026-07-04 15:36:46  INFO        Fetching pmms15 (MORTGAGE15US)…
2026-07-04 15:36:47  INFO          → 107 observations saved
2026-07-04 15:36:47  INFO        Fetching mba30 (OBMMIC30YF)…
2026-07-04 15:36:48  INFO          → 116 observations saved
2026-07-04 15:36:48  INFO        Fetching cpi (CPIAUCSL)…
2026-07-04 15:36:49  INFO          → 11 observations saved
2026-07-04 15:36:49  INFO        Fetching corePce (PCEPILFE)…
2026-07-04 15:36:50  INFO          → 12 observations saved
2026-07-04 15:36:50  INFO        Fetching ppi (PPIACO)…
2026-07-04 15:36:51  INFO          → 12 observations saved
2026-07-04 15:36:52  INFO        Fetching unemployment (UNRATE)…
2026-07-04 15:36:52  INFO          → 24 observations saved
2026-07-04 15:36:53  INFO        Fetching nfp (PAYEMS)…
2026-07-04 15:36:53  INFO          → 24 observations saved
2026-07-04 15:36:54  INFO        Fetching jolts (JTSJOL)…
2026-07-04 15:36:55  INFO          → 24 observations saved
2026-07-04 15:36:56  INFO        Fetching hpiNational (CSUSHPISA)…
2026-07-04 15:36:56  INFO          → 11 observations saved
2026-07-04 15:36:57  INFO        Fetching housingStarts (HOUST)…
2026-07-04 15:36:57  INFO          → 24 observations saved
2026-07-04 15:36:58  INFO        Fetching existingHomeSales (EXHOSLUSM495S)…
2026-07-04 15:36:59  INFO          → 13 observations saved
2026-07-04 15:36:59  INFO        Fetching mortgageDelinquency (DRSFRMACBS)…
2026-07-04 15:37:01  INFO          → 8 observations saved
2026-07-04 15:37:01  INFO        Fetching refiBoomster (MORTGAGE30US)…
2026-07-04 15:37:02  INFO          → 107 observations saved
2026-07-04 15:37:02  INFO        Fetching igSpread (BAMLC0A0CM)…
2026-07-04 15:37:03  INFO          → 120 observations saved
2026-07-04 15:37:04  INFO        Fetching hySpread (BAMLH0A0HYM2)…
2026-07-04 15:37:04  INFO          → 120 observations saved
2026-07-04 15:37:05  INFO        Fetching mbsSpread (MORTGAGE30US)…
2026-07-04 15:37:05  INFO          → 107 observations saved
2026-07-04 15:37:06  INFO        Fetching HPI by state…
2026-07-04 15:37:07  INFO          CA: 4 rows
2026-07-04 15:37:08  INFO          TX: 4 rows
2026-07-04 15:37:09  INFO          FL: 4 rows
2026-07-04 15:37:10  INFO          NY: 4 rows
2026-07-04 15:37:12  INFO          WA: 4 rows
2026-07-04 15:37:13  INFO          CO: 4 rows
2026-07-04 15:37:14  INFO          AZ: 4 rows
2026-07-04 15:37:15  INFO          NV: 4 rows
2026-07-04 15:37:17  INFO          OR: 4 rows
2026-07-04 15:37:18  INFO          GA: 4 rows
2026-07-04 15:37:19  INFO          NC: 4 rows
2026-07-04 15:37:20  INFO          SC: 4 rows
2026-07-04 15:37:22  INFO          TN: 4 rows
2026-07-04 15:37:23  INFO          OH: 4 rows
2026-07-04 15:37:24  INFO          MI: 4 rows
2026-07-04 15:37:25  INFO          IL: 4 rows
2026-07-04 15:37:26  INFO          PA: 4 rows
2026-07-04 15:37:28  INFO          NJ: 4 rows
2026-07-04 15:37:29  INFO          MA: 4 rows
2026-07-04 15:37:30  INFO          VA: 4 rows
2026-07-04 15:37:31  INFO          MD: 4 rows
2026-07-04 15:37:33  INFO          MN: 4 rows
2026-07-04 15:37:34  INFO          WI: 4 rows
2026-07-04 15:37:35  INFO          UT: 4 rows
2026-07-04 15:37:36  INFO          ID: 4 rows
2026-07-04 15:37:37  INFO      JSON exported → signals_live.json  (21 signals, 25 states)
2026-07-04 15:37:37  INFO      Run complete — 21 OK, 0 failed
2026-07-24 00:19:34  INFO      Database initialised → signals.db
2026-07-24 00:19:34  INFO      ============================================================
2026-07-24 00:19:34  INFO      MortgageIQ Pipeline — fetch run starting (2026-07-24 00:19)
2026-07-24 00:19:34  INFO      ============================================================
2026-07-24 00:19:34  INFO        Fetching fedFunds (FEDFUNDS)…
2026-07-24 00:19:34  INFO          → 24 observations saved
2026-07-24 00:19:35  INFO        Fetching sofr (SOFR)…
2026-07-24 00:19:35  INFO          → 115 observations saved
2026-07-24 00:19:36  INFO        Fetching tenYrTsy (DGS10)…
2026-07-24 00:19:36  INFO          → 116 observations saved
2026-07-24 00:19:36  INFO        Fetching twoYrTsy (DGS2)…
2026-07-24 00:19:37  INFO          → 116 observations saved
2026-07-24 00:19:37  INFO        Fetching pmms30 (MORTGAGE30US)…
2026-07-24 00:19:37  INFO          → 107 observations saved
2026-07-24 00:19:38  INFO        Fetching pmms15 (MORTGAGE15US)…
2026-07-24 00:19:38  INFO          → 107 observations saved
2026-07-24 00:19:39  INFO        Fetching mba30 (OBMMIC30YF)…
2026-07-24 00:19:39  INFO          → 116 observations saved
2026-07-24 00:19:40  INFO        Fetching cpi (CPIAUCSL)…
2026-07-24 00:19:40  INFO          → 11 observations saved
2026-07-24 00:19:40  INFO        Fetching corePce (PCEPILFE)…
2026-07-24 00:19:41  INFO          → 11 observations saved
2026-07-24 00:19:41  INFO        Fetching ppi (PPIACO)…
2026-07-24 00:19:41  INFO          → 12 observations saved
2026-07-24 00:19:42  INFO        Fetching unemployment (UNRATE)…
2026-07-24 00:19:42  INFO          → 23 observations saved
2026-07-24 00:19:43  INFO        Fetching nfp (PAYEMS)…
2026-07-24 00:19:43  INFO          → 23 observations saved
2026-07-24 00:19:44  INFO        Fetching jolts (JTSJOL)…
2026-07-24 00:19:44  INFO          → 23 observations saved
2026-07-24 00:19:44  INFO        Fetching hpiNational (CSUSHPISA)…
2026-07-24 00:19:45  INFO          → 10 observations saved
2026-07-24 00:19:45  INFO        Fetching housingStarts (HOUST)…
2026-07-24 00:19:45  INFO          → 24 observations saved
2026-07-24 00:19:46  INFO        Fetching existingHomeSales (EXHOSLUSM495S)…
2026-07-24 00:19:46  INFO          → 13 observations saved
2026-07-24 00:19:47  INFO        Fetching mortgageDelinquency (DRSFRMACBS)…
2026-07-24 00:19:47  INFO          → 7 observations saved
2026-07-24 00:19:47  INFO        Fetching refiBoomster (MORTGAGE30US)…
2026-07-24 00:19:48  INFO          → 107 observations saved
2026-07-24 00:19:48  INFO        Fetching igSpread (BAMLC0A0CM)…
2026-07-24 00:19:49  INFO          → 120 observations saved
2026-07-24 00:19:49  INFO        Fetching hySpread (BAMLH0A0HYM2)…
2026-07-24 00:19:49  INFO          → 120 observations saved
2026-07-24 00:19:50  INFO        Fetching mbsSpread (MORTGAGE30US)…
2026-07-24 00:19:50  INFO          → 107 observations saved
2026-07-24 00:19:51  INFO        Fetching HPI by state…
2026-07-24 00:19:51  INFO          CA: 3 rows
2026-07-24 00:19:52  INFO          TX: 3 rows
2026-07-24 00:19:53  INFO          FL: 3 rows
2026-07-24 00:19:54  INFO          NY: 3 rows
2026-07-24 00:19:54  INFO          WA: 3 rows
2026-07-24 00:19:55  INFO          CO: 3 rows
2026-07-24 00:19:56  INFO          AZ: 3 rows
2026-07-24 00:19:57  INFO          NV: 3 rows
2026-07-24 00:19:58  INFO          OR: 3 rows
2026-07-24 00:19:59  INFO          GA: 3 rows
2026-07-24 00:20:02  INFO          NC: 3 rows
2026-07-24 00:20:03  INFO          SC: 3 rows
2026-07-24 00:20:04  INFO          TN: 3 rows
2026-07-24 00:20:05  INFO          OH: 3 rows
2026-07-24 00:20:06  INFO          MI: 3 rows
2026-07-24 00:20:07  INFO          IL: 3 rows
2026-07-24 00:20:07  INFO          PA: 3 rows
2026-07-24 00:20:08  INFO          NJ: 3 rows
2026-07-24 00:20:09  INFO          MA: 3 rows
2026-07-24 00:20:10  INFO          VA: 3 rows
2026-07-24 00:20:11  INFO          MD: 3 rows
2026-07-24 00:20:12  INFO          MN: 3 rows
2026-07-24 00:20:13  INFO          WI: 3 rows
2026-07-24 00:20:14  INFO          UT: 3 rows
2026-07-24 00:20:15  INFO          ID: 3 rows
2026-07-24 00:20:15  INFO      JSON exported → signals_live.json  (21 signals, 25 states)
2026-07-24 00:20:15  INFO      Run complete — 21 OK, 0 failed
2026-08-02 18:05:23  INFO      Database initialised → signals.db
2026-08-02 18:05:23  INFO      ============================================================
2026-08-02 18:05:23  INFO      MortgageIQ Pipeline — fetch run starting (2026-08-02 18:05)
2026-08-02 18:05:23  INFO      ============================================================
2026-08-02 18:05:23  INFO        Fetching fedFunds (FEDFUNDS)…
2026-08-02 18:05:24  INFO          → 24 observations saved
2026-08-02 18:05:24  INFO        Fetching sofr (SOFR)…
2026-08-02 18:05:25  INFO          → 115 observations saved
2026-08-02 18:05:25  INFO        Fetching tenYrTsy (DGS10)…
2026-08-02 18:05:25  INFO          → 116 observations saved
2026-08-02 18:05:26  INFO        Fetching twoYrTsy (DGS2)…
2026-08-02 18:05:26  INFO          → 116 observations saved
2026-08-02 18:05:27  INFO        Fetching pmms30 (MORTGAGE30US)…
2026-08-02 18:05:27  INFO          → 106 observations saved
2026-08-02 18:05:27  INFO        Fetching pmms15 (MORTGAGE15US)…
2026-08-02 18:05:28  INFO          → 106 observations saved
2026-08-02 18:05:28  INFO        Fetching mba30 (OBMMIC30YF)…
2026-08-02 18:05:28  INFO          → 116 observations saved
2026-08-02 18:05:29  INFO        Fetching cpi (CPIAUCSL)…
2026-08-02 18:05:29  INFO          → 11 observations saved
2026-08-02 18:05:30  INFO        Fetching corePce (PCEPILFE)…
2026-08-02 18:05:30  INFO          → 12 observations saved
2026-08-02 18:05:31  INFO        Fetching ppi (PPIACO)…
2026-08-02 18:05:31  INFO          → 12 observations saved
2026-08-02 18:05:32  INFO        Fetching unemployment (UNRATE)…
2026-08-02 18:05:32  INFO          → 23 observations saved
2026-08-02 18:05:33  INFO        Fetching nfp (PAYEMS)…
2026-08-02 18:05:33  INFO          → 23 observations saved
2026-08-02 18:05:33  INFO        Fetching jolts (JTSJOL)…
2026-08-02 18:05:34  INFO          → 23 observations saved
2026-08-02 18:05:34  INFO        Fetching hpiNational (CSUSHPISA)…
2026-08-02 18:05:35  INFO          → 11 observations saved
2026-08-02 18:05:35  INFO        Fetching housingStarts (HOUST)…
2026-08-02 18:05:36  INFO          → 24 observations saved
2026-08-02 18:05:36  INFO        Fetching existingHomeSales (EXHOSLUSM495S)…
2026-08-02 18:05:36  INFO          → 13 observations saved
2026-08-02 18:05:37  INFO        Fetching mortgageDelinquency (DRSFRMACBS)…
2026-08-02 18:05:37  INFO          → 7 observations saved
2026-08-02 18:05:38  INFO        Fetching refiBoomster (MORTGAGE30US)…
2026-08-02 18:05:38  INFO          → 106 observations saved
2026-08-02 18:05:39  INFO        Fetching igSpread (BAMLC0A0CM)…
2026-08-02 18:05:39  INFO          → 120 observations saved
2026-08-02 18:05:39  INFO        Fetching hySpread (BAMLH0A0HYM2)…
2026-08-02 18:05:40  INFO          → 120 observations saved
2026-08-02 18:05:40  INFO        Fetching mbsSpread (MORTGAGE30US)…
2026-08-02 18:05:41  INFO          → 106 observations saved
2026-08-02 18:05:41  INFO        Fetching HPI by state…
2026-08-02 18:05:42  INFO          CA: 3 rows
2026-08-02 18:05:43  INFO          TX: 3 rows
2026-08-02 18:05:44  INFO          FL: 3 rows
2026-08-02 18:05:44  INFO          NY: 3 rows
2026-08-02 18:05:45  INFO          WA: 3 rows
2026-08-02 18:05:46  INFO          CO: 3 rows
2026-08-02 18:05:47  INFO          AZ: 3 rows
2026-08-02 18:05:48  INFO          NV: 3 rows
2026-08-02 18:05:49  INFO          OR: 3 rows
2026-08-02 18:05:49  INFO          GA: 3 rows
2026-08-02 18:05:50  INFO          NC: 3 rows
2026-08-02 18:05:51  INFO          SC: 3 rows
2026-08-02 18:05:52  INFO          TN: 3 rows
2026-08-02 18:05:53  INFO          OH: 3 rows
2026-08-02 18:05:54  INFO          MI: 3 rows
2026-08-02 18:05:55  INFO          IL: 3 rows
2026-08-02 18:05:56  INFO          PA: 3 rows
2026-08-02 18:05:57  INFO          NJ: 3 rows
2026-08-02 18:05:58  INFO          MA: 3 rows
2026-08-02 18:05:59  INFO          VA: 3 rows
2026-08-02 18:06:01  INFO          MD: 3 rows
2026-08-02 18:06:02  INFO          MN: 3 rows
2026-08-02 18:06:04  INFO          WI: 3 rows
2026-08-02 18:06:05  INFO          UT: 3 rows
2026-08-02 18:06:06  INFO          ID: 3 rows
2026-08-02 18:06:06  INFO      JSON exported → signals_live.json  (21 signals, 25 states)
2026-08-02 18:06:06  INFO      Run complete — 21 OK, 0 failed
2026-08-09 13:37:41  INFO      Database initialised → signals.db
2026-08-09 13:37:41  INFO      ============================================================
2026-08-09 13:37:41  INFO      MortgageIQ Pipeline — fetch run starting (2026-08-09 13:37)
2026-08-09 13:37:41  INFO      ============================================================
2026-08-09 13:37:41  INFO        Fetching fedFunds (FEDFUNDS)…
2026-08-09 13:37:42  INFO          → 25 observations saved
2026-08-09 13:37:42  INFO        Fetching sofr (SOFR)…
2026-08-09 13:37:43  INFO          → 116 observations saved
2026-08-09 13:37:43  INFO        Fetching tenYrTsy (DGS10)…
2026-08-09 13:37:44  INFO          → 117 observations saved
2026-08-09 13:37:44  INFO        Fetching twoYrTsy (DGS2)…
2026-08-09 13:37:44  INFO          → 117 observations saved
2026-08-09 13:37:45  INFO        Fetching pmms30 (MORTGAGE30US)…
2026-08-09 13:37:45  INFO          → 106 observations saved
2026-08-09 13:37:46  INFO        Fetching pmms15 (MORTGAGE15US)…
2026-08-09 13:37:46  INFO          → 106 observations saved
2026-08-09 13:37:46  INFO        Fetching mba30 (OBMMIC30YF)…
2026-08-09 13:37:47  INFO          → 117 observations saved
2026-08-09 13:37:47  INFO        Fetching cpi (CPIAUCSL)…
2026-08-09 13:37:48  INFO          → 11 observations saved
2026-08-09 13:37:48  INFO        Fetching corePce (PCEPILFE)…
2026-08-09 13:37:48  INFO          → 12 observations saved
2026-08-09 13:37:49  INFO        Fetching ppi (PPIACO)…
2026-08-09 13:37:49  INFO          → 12 observations saved
2026-08-09 13:37:50  INFO        Fetching unemployment (UNRATE)…
2026-08-09 13:37:50  INFO          → 24 observations saved
2026-08-09 13:37:50  INFO        Fetching nfp (PAYEMS)…
2026-08-09 13:37:51  INFO          → 24 observations saved
2026-08-09 13:37:51  INFO        Fetching jolts (JTSJOL)…
2026-08-09 13:37:51  INFO          → 24 observations saved
2026-08-09 13:37:52  INFO        Fetching hpiNational (CSUSHPISA)…
2026-08-09 13:37:52  INFO          → 11 observations saved
2026-08-09 13:37:53  INFO        Fetching housingStarts (HOUST)…
2026-08-09 13:37:53  INFO          → 24 observations saved
2026-08-09 13:37:54  INFO        Fetching existingHomeSales (EXHOSLUSM495S)…
2026-08-09 13:37:54  INFO          → 13 observations saved
2026-08-09 13:37:54  INFO        Fetching mortgageDelinquency (DRSFRMACBS)…
2026-08-09 13:37:55  INFO          → 7 observations saved
2026-08-09 13:37:55  INFO        Fetching refiBoomster (MORTGAGE30US)…
2026-08-09 13:37:56  INFO          → 106 observations saved
2026-08-09 13:37:56  INFO        Fetching igSpread (BAMLC0A0CM)…
2026-08-09 13:37:57  INFO          → 120 observations saved
2026-08-09 13:37:57  INFO        Fetching hySpread (BAMLH0A0HYM2)…
2026-08-09 13:37:57  INFO          → 120 observations saved
2026-08-09 13:37:58  INFO        Fetching mbsSpread (MORTGAGE30US)…
2026-08-09 13:37:58  INFO          → 106 observations saved
2026-08-09 13:37:59  INFO        Fetching HPI by state…
2026-08-09 13:37:59  INFO          CA: 3 rows
2026-08-09 13:38:01  INFO          TX: 3 rows
2026-08-09 13:38:02  INFO          FL: 3 rows
2026-08-09 13:38:03  INFO          NY: 3 rows
2026-08-09 13:38:03  INFO          WA: 3 rows
2026-08-09 13:38:04  INFO          CO: 3 rows
2026-08-09 13:38:05  INFO          AZ: 3 rows
2026-08-09 13:38:06  INFO          NV: 3 rows
2026-08-09 13:38:07  INFO          OR: 3 rows
2026-08-09 13:38:08  INFO          GA: 3 rows
2026-08-09 13:38:08  INFO          NC: 3 rows
2026-08-09 13:38:09  INFO          SC: 3 rows
2026-08-09 13:38:10  INFO          TN: 3 rows
2026-08-09 13:38:11  INFO          OH: 3 rows
2026-08-09 13:38:12  INFO          MI: 3 rows
2026-08-09 13:38:13  INFO          IL: 3 rows
2026-08-09 13:38:14  INFO          PA: 3 rows
2026-08-09 13:38:15  INFO          NJ: 3 rows
2026-08-09 13:38:15  INFO          MA: 3 rows
2026-08-09 13:38:16  INFO          VA: 3 rows
2026-08-09 13:38:17  INFO          MD: 3 rows
2026-08-09 13:38:18  INFO          MN: 3 rows
2026-08-09 13:38:19  INFO          WI: 3 rows
2026-08-09 13:38:19  INFO          UT: 3 rows
2026-08-09 13:38:20  INFO          ID: 3 rows
2026-08-09 13:38:21  INFO      JSON exported → signals_live.json  (21 signals, 25 states)
2026-08-09 13:38:21  INFO      Run complete — 21 OK, 0 failed
2026-08-09 21:58:32  INFO      Database initialised → signals.db
2026-08-09 21:58:32  INFO      ============================================================
2026-08-09 21:58:32  INFO      MortgageIQ Pipeline — fetch run starting (2026-08-09 21:58)
2026-08-09 21:58:32  INFO      ============================================================
2026-08-09 21:58:32  INFO        Fetching fedFunds (FEDFUNDS)…
2026-08-09 21:58:32  INFO          → 25 observations saved
2026-08-09 21:58:32  INFO        Fetching sofr (SOFR)…
2026-08-09 21:58:33  INFO          → 116 observations saved
2026-08-09 21:58:33  INFO        Fetching tenYrTsy (DGS10)…
2026-08-09 21:58:33  INFO          → 117 observations saved
2026-08-09 21:58:34  INFO        Fetching twoYrTsy (DGS2)…
2026-08-09 21:58:34  INFO          → 117 observations saved
2026-08-09 21:58:35  INFO        Fetching pmms30 (MORTGAGE30US)…
2026-08-09 21:58:35  INFO          → 106 observations saved
2026-08-09 21:58:35  INFO        Fetching pmms15 (MORTGAGE15US)…
2026-08-09 21:58:36  INFO          → 106 observations saved
2026-08-09 21:58:36  INFO        Fetching mba30 (OBMMIC30YF)…
2026-08-09 21:58:37  INFO          → 117 observations saved
2026-08-09 21:58:37  INFO        Fetching cpi (CPIAUCSL)…
2026-08-09 21:58:37  INFO          → 11 observations saved
2026-08-09 21:58:38  INFO        Fetching corePce (PCEPILFE)…
2026-08-09 21:58:38  INFO          → 12 observations saved
2026-08-09 21:58:39  INFO        Fetching ppi (PPIACO)…
2026-08-09 21:58:39  INFO          → 12 observations saved
2026-08-09 21:58:39  INFO        Fetching unemployment (UNRATE)…
2026-08-09 21:58:40  INFO          → 24 observations saved
2026-08-09 21:58:40  INFO        Fetching nfp (PAYEMS)…
2026-08-09 21:58:41  INFO          → 24 observations saved
2026-08-09 21:58:41  INFO        Fetching jolts (JTSJOL)…
2026-08-09 21:58:42  INFO          → 24 observations saved
2026-08-09 21:58:42  INFO        Fetching hpiNational (CSUSHPISA)…
2026-08-09 21:58:43  INFO          → 11 observations saved
2026-08-09 21:58:43  INFO        Fetching housingStarts (HOUST)…
2026-08-09 21:58:43  INFO          → 24 observations saved
2026-08-09 21:58:44  INFO        Fetching existingHomeSales (EXHOSLUSM495S)…
2026-08-09 21:58:44  INFO          → 13 observations saved
2026-08-09 21:58:45  INFO        Fetching mortgageDelinquency (DRSFRMACBS)…
2026-08-09 21:58:45  INFO          → 7 observations saved
2026-08-09 21:58:45  INFO        Fetching refiBoomster (MORTGAGE30US)…
2026-08-09 21:58:46  INFO          → 106 observations saved
2026-08-09 21:58:46  INFO        Fetching igSpread (BAMLC0A0CM)…
2026-08-09 21:58:46  INFO          → 120 observations saved
2026-08-09 21:58:47  INFO        Fetching hySpread (BAMLH0A0HYM2)…
2026-08-09 21:58:47  INFO          → 120 observations saved
2026-08-09 21:58:48  INFO        Fetching mbsSpread (MORTGAGE30US)…
2026-08-09 21:58:48  INFO          → 106 observations saved
2026-08-09 21:58:48  INFO        Fetching HPI by state…
2026-08-09 21:58:49  INFO          CA: 3 rows
2026-08-09 21:58:50  INFO          TX: 3 rows
2026-08-09 21:58:52  INFO          FL: 3 rows
2026-08-09 21:58:53  INFO          NY: 3 rows
2026-08-09 21:58:54  INFO          WA: 3 rows
2026-08-09 21:58:55  INFO          CO: 3 rows
2026-08-09 21:58:55  INFO          AZ: 3 rows
2026-08-09 21:58:56  INFO          NV: 3 rows
2026-08-09 21:58:57  INFO          OR: 3 rows
2026-08-09 21:58:58  INFO          GA: 3 rows
2026-08-09 21:58:59  INFO          NC: 3 rows
2026-08-09 21:59:01  INFO          SC: 3 rows
2026-08-09 21:59:02  INFO          TN: 3 rows
2026-08-09 21:59:03  INFO          OH: 3 rows
2026-08-09 21:59:03  INFO          MI: 3 rows
2026-08-09 21:59:04  INFO          IL: 3 rows
2026-08-09 21:59:05  INFO          PA: 3 rows
2026-08-09 21:59:06  INFO          NJ: 3 rows
2026-08-09 21:59:06  INFO          MA: 3 rows
2026-08-09 21:59:07  INFO          VA: 3 rows
2026-08-09 21:59:08  INFO          MD: 3 rows
2026-08-09 21:59:09  INFO          MN: 3 rows
2026-08-09 21:59:10  INFO          WI: 3 rows
2026-08-09 21:59:11  INFO          UT: 3 rows
2026-08-09 21:59:11  INFO          ID: 3 rows
2026-08-09 21:59:12  INFO      JSON exported → signals_live.json  (21 signals, 25 states)
2026-08-09 21:59:12  INFO      Run complete — 21 OK, 0 failed
2026-08-09 22:15:11  INFO      Database initialised → signals.db
2026-08-09 22:15:11  INFO      ============================================================
2026-08-09 22:15:11  INFO      MortgageIQ Pipeline — fetch run starting (2026-08-09 22:15)
2026-08-09 22:15:11  INFO      ============================================================
2026-08-09 22:15:11  INFO        Fetching fedFunds (FEDFUNDS)…
2026-08-09 22:15:11  INFO          → 25 observations saved
2026-08-09 22:15:12  INFO        Fetching sofr (SOFR)…
2026-08-09 22:15:12  INFO          → 116 observations saved
2026-08-09 22:15:12  INFO        Fetching tenYrTsy (DGS10)…
2026-08-09 22:15:13  INFO          → 117 observations saved
2026-08-09 22:15:13  INFO        Fetching twoYrTsy (DGS2)…
2026-08-09 22:15:13  INFO          → 117 observations saved
2026-08-09 22:15:14  INFO        Fetching pmms30 (MORTGAGE30US)…
2026-08-09 22:15:15  INFO          → 106 observations saved
2026-08-09 22:15:15  INFO        Fetching pmms15 (MORTGAGE15US)…
2026-08-09 22:15:16  INFO          → 106 observations saved
2026-08-09 22:15:16  INFO        Fetching mba30 (OBMMIC30YF)…
2026-08-09 22:15:16  INFO          → 117 observations saved
2026-08-09 22:15:17  INFO        Fetching cpi (CPIAUCSL)…
2026-08-09 22:15:17  INFO          → 11 observations saved
2026-08-09 22:15:18  INFO        Fetching corePce (PCEPILFE)…
2026-08-09 22:15:18  INFO          → 12 observations saved
2026-08-09 22:15:19  INFO        Fetching ppi (PPIACO)…
2026-08-09 22:15:19  INFO          → 12 observations saved
2026-08-09 22:15:19  INFO        Fetching unemployment (UNRATE)…
2026-08-09 22:15:20  INFO          → 24 observations saved
2026-08-09 22:15:20  INFO        Fetching nfp (PAYEMS)…
2026-08-09 22:15:21  INFO          → 24 observations saved
2026-08-09 22:15:21  INFO        Fetching jolts (JTSJOL)…
2026-08-09 22:15:22  INFO          → 24 observations saved
2026-08-09 22:15:22  INFO        Fetching hpiNational (CSUSHPISA)…
2026-08-09 22:15:22  INFO          → 11 observations saved
2026-08-09 22:15:23  INFO        Fetching housingStarts (HOUST)…
2026-08-09 22:15:23  INFO          → 24 observations saved
2026-08-09 22:15:24  INFO        Fetching existingHomeSales (EXHOSLUSM495S)…
2026-08-09 22:15:24  INFO          → 13 observations saved
2026-08-09 22:15:24  INFO        Fetching mortgageDelinquency (DRSFRMACBS)…
2026-08-09 22:15:25  INFO          → 7 observations saved
2026-08-09 22:15:25  INFO        Fetching refiBoomster (MORTGAGE30US)…
2026-08-09 22:15:25  INFO          → 106 observations saved
2026-08-09 22:15:26  INFO        Fetching igSpread (BAMLC0A0CM)…
2026-08-09 22:15:26  INFO          → 120 observations saved
2026-08-09 22:15:27  INFO        Fetching hySpread (BAMLH0A0HYM2)…
2026-08-09 22:15:27  INFO          → 120 observations saved
2026-08-09 22:15:28  INFO        Fetching mbsSpread (MORTGAGE30US)…
2026-08-09 22:15:28  INFO          → 106 observations saved
2026-08-09 22:15:28  INFO        Fetching HPI by state…
2026-08-09 22:15:29  INFO          CA: 3 rows
2026-08-09 22:15:29  INFO          TX: 3 rows
2026-08-09 22:15:30  INFO          FL: 3 rows
2026-08-09 22:15:31  INFO          NY: 3 rows
2026-08-09 22:15:32  INFO          WA: 3 rows
2026-08-09 22:15:32  INFO          CO: 3 rows
2026-08-09 22:15:33  INFO          AZ: 3 rows
2026-08-09 22:15:34  INFO          NV: 3 rows
2026-08-09 22:15:35  INFO          OR: 3 rows
2026-08-09 22:15:36  INFO          GA: 3 rows
2026-08-09 22:15:36  INFO          NC: 3 rows
2026-08-09 22:15:38  INFO          SC: 3 rows
2026-08-09 22:15:39  INFO          TN: 3 rows
2026-08-09 22:15:39  INFO          OH: 3 rows
2026-08-09 22:15:40  INFO          MI: 3 rows
2026-08-09 22:15:41  INFO          IL: 3 rows
2026-08-09 22:15:42  INFO          PA: 3 rows
2026-08-09 22:15:43  INFO          NJ: 3 rows
2026-08-09 22:15:44  INFO          MA: 3 rows
2026-08-09 22:15:45  INFO          VA: 3 rows
2026-08-09 22:15:45  INFO          MD: 3 rows
2026-08-09 22:15:46  INFO          MN: 3 rows
2026-08-09 22:15:47  INFO          WI: 3 rows
2026-08-09 22:15:48  INFO          UT: 3 rows
2026-08-09 22:15:49  INFO          ID: 3 rows
2026-08-09 22:15:49  INFO      JSON exported → signals_live.json  (21 signals, 25 states)
2026-08-09 22:15:49  INFO      Run complete — 21 OK, 0 failed
2026-08-09 22:37:04  INFO      Database initialised → signals.db
2026-08-09 22:37:04  INFO      ============================================================
2026-08-09 22:37:04  INFO      MortgageIQ Pipeline — fetch run starting (2026-08-09 22:37)
2026-08-09 22:37:04  INFO      ============================================================
2026-08-09 22:37:04  INFO        Fetching fedFunds (FEDFUNDS)…
2026-08-09 22:37:04  INFO          → 25 observations saved
2026-08-09 22:37:05  INFO        Fetching sofr (SOFR)…
2026-08-09 22:37:05  INFO          → 116 observations saved
2026-08-09 22:37:06  INFO        Fetching tenYrTsy (DGS10)…
2026-08-09 22:37:06  INFO          → 117 observations saved
2026-08-09 22:37:06  INFO        Fetching twoYrTsy (DGS2)…
2026-08-09 22:37:07  INFO          → 117 observations saved
2026-08-09 22:37:07  INFO        Fetching pmms30 (MORTGAGE30US)…
2026-08-09 22:37:08  INFO          → 106 observations saved
2026-08-09 22:37:08  INFO        Fetching pmms15 (MORTGAGE15US)…
2026-08-09 22:37:08  INFO          → 106 observations saved
2026-08-09 22:37:09  INFO        Fetching mba30 (OBMMIC30YF)…
2026-08-09 22:37:09  INFO          → 117 observations saved
2026-08-09 22:37:10  INFO        Fetching cpi (CPIAUCSL)…
2026-08-09 22:37:10  INFO          → 11 observations saved
2026-08-09 22:37:10  INFO        Fetching corePce (PCEPILFE)…
2026-08-09 22:37:11  INFO          → 12 observations saved
2026-08-09 22:37:11  INFO        Fetching ppi (PPIACO)…
2026-08-09 22:37:11  INFO          → 12 observations saved
2026-08-09 22:37:12  INFO        Fetching unemployment (UNRATE)…
2026-08-09 22:37:12  INFO          → 24 observations saved
2026-08-09 22:37:13  INFO        Fetching nfp (PAYEMS)…
2026-08-09 22:37:13  INFO          → 24 observations saved
2026-08-09 22:37:14  INFO        Fetching jolts (JTSJOL)…
2026-08-09 22:37:14  INFO          → 24 observations saved
2026-08-09 22:37:15  INFO        Fetching hpiNational (CSUSHPISA)…
2026-08-09 22:37:15  INFO          → 11 observations saved
2026-08-09 22:37:15  INFO        Fetching housingStarts (HOUST)…
2026-08-09 22:37:16  INFO          → 24 observations saved
2026-08-09 22:37:16  INFO        Fetching existingHomeSales (EXHOSLUSM495S)…
2026-08-09 22:37:17  INFO          → 13 observations saved
2026-08-09 22:37:17  INFO        Fetching mortgageDelinquency (DRSFRMACBS)…
2026-08-09 22:37:17  INFO          → 7 observations saved
2026-08-09 22:37:18  INFO        Fetching refiBoomster (MORTGAGE30US)…
2026-08-09 22:37:18  INFO          → 106 observations saved
2026-08-09 22:37:19  INFO        Fetching igSpread (BAMLC0A0CM)…
2026-08-09 22:37:19  INFO          → 120 observations saved
2026-08-09 22:37:20  INFO        Fetching hySpread (BAMLH0A0HYM2)…
2026-08-09 22:37:20  INFO          → 120 observations saved
2026-08-09 22:37:21  INFO        Fetching mbsSpread (MORTGAGE30US)…
2026-08-09 22:37:21  INFO          → 106 observations saved
2026-08-09 22:37:21  INFO        Fetching HPI by state…
2026-08-09 22:37:22  INFO          CA: 3 rows
2026-08-09 22:37:23  INFO          TX: 3 rows
2026-08-09 22:37:24  INFO          FL: 3 rows
2026-08-09 22:37:24  INFO          NY: 3 rows
2026-08-09 22:37:25  INFO          WA: 3 rows
2026-08-09 22:37:26  INFO          CO: 3 rows
2026-08-09 22:37:27  INFO          AZ: 3 rows
2026-08-09 22:37:28  INFO          NV: 3 rows
2026-08-09 22:37:29  INFO          OR: 3 rows
2026-08-09 22:37:29  INFO          GA: 3 rows
2026-08-09 22:37:30  INFO          NC: 3 rows
2026-08-09 22:37:31  INFO          SC: 3 rows
2026-08-09 22:37:32  INFO          TN: 3 rows
2026-08-09 22:37:32  INFO          OH: 3 rows
2026-08-09 22:37:33  INFO          MI: 3 rows
2026-08-09 22:37:34  INFO          IL: 3 rows
2026-08-09 22:37:35  INFO          PA: 3 rows
2026-08-09 22:37:36  INFO          NJ: 3 rows
2026-08-09 22:37:37  INFO          MA: 3 rows
2026-08-09 22:37:37  INFO          VA: 3 rows
2026-08-09 22:37:38  INFO          MD: 3 rows
2026-08-09 22:37:39  INFO          MN: 3 rows
2026-08-09 22:37:40  INFO          WI: 3 rows
2026-08-09 22:37:41  INFO          UT: 3 rows
2026-08-09 22:37:42  INFO          ID: 3 rows
2026-08-09 22:37:42  INFO      JSON exported → signals_live.json  (21 signals, 25 states)
2026-08-09 22:37:42  INFO      Run complete — 21 OK, 0 failed
2026-08-09 22:47:03  INFO      Database initialised → signals.db
2026-08-09 22:47:03  INFO      ============================================================
2026-08-09 22:47:03  INFO      MortgageIQ Pipeline — fetch run starting (2026-08-09 22:47)
2026-08-09 22:47:03  INFO      ============================================================
2026-08-09 22:47:03  INFO        Fetching fedFunds (FEDFUNDS)…
2026-08-09 22:47:03  INFO          → 25 observations saved
2026-08-09 22:47:03  INFO        Fetching sofr (SOFR)…
2026-08-09 22:47:04  INFO          → 116 observations saved
2026-08-09 22:47:04  INFO        Fetching tenYrTsy (DGS10)…
2026-08-09 22:47:04  INFO          → 117 observations saved
2026-08-09 22:47:05  INFO        Fetching twoYrTsy (DGS2)…
2026-08-09 22:47:05  INFO          → 117 observations saved
2026-08-09 22:47:06  INFO        Fetching pmms30 (MORTGAGE30US)…
2026-08-09 22:47:06  INFO          → 106 observations saved
2026-08-09 22:47:06  INFO        Fetching pmms15 (MORTGAGE15US)…
2026-08-09 22:47:07  INFO          → 106 observations saved
2026-08-09 22:47:07  INFO        Fetching mba30 (OBMMIC30YF)…
2026-08-09 22:47:07  INFO          → 117 observations saved
2026-08-09 22:47:08  INFO        Fetching cpi (CPIAUCSL)…
2026-08-09 22:47:08  INFO          → 11 observations saved
2026-08-09 22:47:09  INFO        Fetching corePce (PCEPILFE)…
2026-08-09 22:47:09  INFO          → 12 observations saved
2026-08-09 22:47:10  INFO        Fetching ppi (PPIACO)…
2026-08-09 22:47:10  INFO          → 12 observations saved
2026-08-09 22:47:10  INFO        Fetching unemployment (UNRATE)…
2026-08-09 22:47:11  INFO          → 24 observations saved
2026-08-09 22:47:11  INFO        Fetching nfp (PAYEMS)…
2026-08-09 22:47:11  INFO          → 24 observations saved
2026-08-09 22:47:12  INFO        Fetching jolts (JTSJOL)…
2026-08-09 22:47:13  INFO          → 24 observations saved
2026-08-09 22:47:14  INFO        Fetching hpiNational (CSUSHPISA)…
2026-08-09 22:47:14  INFO          → 11 observations saved
2026-08-09 22:47:15  INFO        Fetching housingStarts (HOUST)…
2026-08-09 22:47:15  INFO          → 24 observations saved
2026-08-09 22:47:15  INFO        Fetching existingHomeSales (EXHOSLUSM495S)…
2026-08-09 22:47:16  INFO          → 13 observations saved
2026-08-09 22:47:16  INFO        Fetching mortgageDelinquency (DRSFRMACBS)…
2026-08-09 22:47:17  INFO          → 7 observations saved
2026-08-09 22:47:17  INFO        Fetching refiBoomster (MORTGAGE30US)…
2026-08-09 22:47:17  INFO          → 106 observations saved
2026-08-09 22:47:18  INFO        Fetching igSpread (BAMLC0A0CM)…
2026-08-09 22:47:18  INFO          → 120 observations saved
2026-08-09 22:47:19  INFO        Fetching hySpread (BAMLH0A0HYM2)…
2026-08-09 22:47:19  INFO          → 120 observations saved
2026-08-09 22:47:20  INFO        Fetching mbsSpread (MORTGAGE30US)…
2026-08-09 22:47:20  INFO          → 106 observations saved
2026-08-09 22:47:20  INFO        Fetching HPI by state…
2026-08-09 22:47:21  INFO          CA: 3 rows
2026-08-09 22:47:22  INFO          TX: 3 rows
2026-08-09 22:47:23  INFO          FL: 3 rows
2026-08-09 22:47:24  INFO          NY: 3 rows
2026-08-09 22:47:24  INFO          WA: 3 rows
2026-08-09 22:47:25  INFO          CO: 3 rows
2026-08-09 22:47:26  INFO          AZ: 3 rows
2026-08-09 22:47:27  INFO          NV: 3 rows
2026-08-09 22:47:28  INFO          OR: 3 rows
2026-08-09 22:47:28  INFO          GA: 3 rows
2026-08-09 22:47:29  INFO          NC: 3 rows
2026-08-09 22:47:30  INFO          SC: 3 rows
2026-08-09 22:47:31  INFO          TN: 3 rows
2026-08-09 22:47:32  INFO          OH: 3 rows
2026-08-09 22:47:32  INFO          MI: 3 rows
2026-08-09 22:47:33  INFO          IL: 3 rows
2026-08-09 22:47:34  INFO          PA: 3 rows
2026-08-09 22:47:35  INFO          NJ: 3 rows
2026-08-09 22:47:36  INFO          MA: 3 rows
2026-08-09 22:47:36  INFO          VA: 3 rows
2026-08-09 22:47:37  INFO          MD: 3 rows
2026-08-09 22:47:38  INFO          MN: 3 rows
2026-08-09 22:47:39  INFO          WI: 3 rows
2026-08-09 22:47:40  INFO          UT: 3 rows
2026-08-09 22:47:40  INFO          ID: 3 rows
2026-08-09 22:47:41  INFO      JSON exported → signals_live.json  (21 signals, 25 states)
2026-08-09 22:47:41  INFO      Run complete — 21 OK, 0 failed
2026-08-10 01:34:13  INFO      Database initialised → signals.db
2026-08-10 01:34:13  INFO      ============================================================
2026-08-10 01:34:13  INFO      MortgageIQ Pipeline — fetch run starting (2026-08-10 01:34)
2026-08-10 01:34:13  INFO      ============================================================
2026-08-10 01:34:13  INFO        Fetching fedFunds (FEDFUNDS)…
2026-08-10 01:34:14  INFO          → 25 observations saved
2026-08-10 01:34:14  INFO        Fetching sofr (SOFR)…
2026-08-10 01:34:15  INFO          → 116 observations saved
2026-08-10 01:34:15  INFO        Fetching tenYrTsy (DGS10)…
2026-08-10 01:34:16  INFO          → 117 observations saved
2026-08-10 01:34:16  INFO        Fetching twoYrTsy (DGS2)…
2026-08-10 01:34:17  INFO          → 117 observations saved
2026-08-10 01:34:17  INFO        Fetching pmms30 (MORTGAGE30US)…
2026-08-10 01:34:17  INFO          → 106 observations saved
2026-08-10 01:34:18  INFO        Fetching pmms15 (MORTGAGE15US)…
2026-08-10 01:34:18  INFO          → 106 observations saved
2026-08-10 01:34:19  INFO        Fetching mba30 (OBMMIC30YF)…
2026-08-10 01:34:19  INFO          → 117 observations saved
2026-08-10 01:34:19  INFO        Fetching cpi (CPIAUCSL)…
2026-08-10 01:34:20  INFO          → 11 observations saved
2026-08-10 01:34:20  INFO        Fetching corePce (PCEPILFE)…
2026-08-10 01:34:21  INFO          → 12 observations saved
2026-08-10 01:34:21  INFO        Fetching ppi (PPIACO)…
2026-08-10 01:34:21  INFO          → 12 observations saved
2026-08-10 01:34:22  INFO        Fetching unemployment (UNRATE)…
2026-08-10 01:34:22  INFO          → 24 observations saved
2026-08-10 01:34:23  INFO        Fetching nfp (PAYEMS)…
2026-08-10 01:34:23  INFO          → 24 observations saved
2026-08-10 01:34:24  INFO        Fetching jolts (JTSJOL)…
2026-08-10 01:34:24  INFO          → 24 observations saved
2026-08-10 01:34:25  INFO        Fetching hpiNational (CSUSHPISA)…
2026-08-10 01:34:25  INFO          → 11 observations saved
2026-08-10 01:34:26  INFO        Fetching housingStarts (HOUST)…
2026-08-10 01:34:26  INFO          → 24 observations saved
2026-08-10 01:34:26  INFO        Fetching existingHomeSales (EXHOSLUSM495S)…
2026-08-10 01:34:27  INFO          → 13 observations saved
2026-08-10 01:34:27  INFO        Fetching mortgageDelinquency (DRSFRMACBS)…
2026-08-10 01:34:27  INFO          → 7 observations saved
2026-08-10 01:34:28  INFO        Fetching refiBoomster (MORTGAGE30US)…
2026-08-10 01:34:28  INFO          → 106 observations saved
2026-08-10 01:34:29  INFO        Fetching igSpread (BAMLC0A0CM)…
2026-08-10 01:34:29  INFO          → 120 observations saved
2026-08-10 01:34:29  INFO        Fetching hySpread (BAMLH0A0HYM2)…
2026-08-10 01:34:30  INFO          → 120 observations saved
2026-08-10 01:34:30  INFO        Fetching mbsSpread (MORTGAGE30US)…
2026-08-10 01:34:31  INFO          → 106 observations saved
2026-08-10 01:34:31  INFO        Fetching HPI by state…
2026-08-10 01:34:32  INFO          CA: 3 rows
2026-08-10 01:34:32  INFO          TX: 3 rows
2026-08-10 01:34:33  INFO          FL: 3 rows
2026-08-10 01:34:34  INFO          NY: 3 rows
2026-08-10 01:34:35  INFO          WA: 3 rows
2026-08-10 01:34:36  INFO          CO: 3 rows
2026-08-10 01:34:37  INFO          AZ: 3 rows
2026-08-10 01:34:38  INFO          NV: 3 rows
2026-08-10 01:34:38  INFO          OR: 3 rows
2026-08-10 01:34:39  INFO          GA: 3 rows
2026-08-10 01:34:40  INFO          NC: 3 rows
2026-08-10 01:34:41  INFO          SC: 3 rows
2026-08-10 01:34:42  INFO          TN: 3 rows
2026-08-10 01:34:43  INFO          OH: 3 rows
2026-08-10 01:34:44  INFO          MI: 3 rows
2026-08-10 01:34:44  INFO          IL: 3 rows
2026-08-10 01:34:45  INFO          PA: 3 rows
2026-08-10 01:34:46  INFO          NJ: 3 rows
2026-08-10 01:34:47  INFO          MA: 3 rows
2026-08-10 01:34:48  INFO          VA: 3 rows
2026-08-10 01:34:49  INFO          MD: 3 rows
2026-08-10 01:34:50  INFO          MN: 3 rows
2026-08-10 01:34:51  INFO          WI: 3 rows
2026-08-10 01:34:52  INFO          UT: 3 rows
2026-08-10 01:34:53  INFO          ID: 3 rows
2026-08-10 01:34:53  INFO      JSON exported → signals_live.json  (21 signals, 25 states)
2026-08-10 01:34:53  INFO      Run complete — 21 OK, 0 failed
2026-08-13 01:08:56  INFO      Database initialised → signals.db
2026-08-13 01:08:56  INFO      ============================================================
2026-08-13 01:08:56  INFO      MortgageIQ Pipeline — fetch run starting (2026-08-13 01:08)
2026-08-13 01:08:56  INFO      ============================================================
2026-08-13 01:08:56  INFO        Fetching fedFunds (FEDFUNDS)…
2026-08-13 01:08:57  INFO          → 25 observations saved
2026-08-13 01:08:57  INFO        Fetching sofr (SOFR)…
2026-08-13 01:08:58  INFO          → 116 observations saved
2026-08-13 01:08:58  INFO        Fetching tenYrTsy (DGS10)…
2026-08-13 01:08:58  INFO          → 117 observations saved
2026-08-13 01:08:59  INFO        Fetching twoYrTsy (DGS2)…
2026-08-13 01:08:59  INFO          → 117 observations saved
2026-08-13 01:09:00  INFO        Fetching pmms30 (MORTGAGE30US)…
2026-08-13 01:09:01  INFO          → 106 observations saved
2026-08-13 01:09:02  INFO        Fetching pmms15 (MORTGAGE15US)…
2026-08-13 01:09:02  INFO          → 106 observations saved
2026-08-13 01:09:03  INFO        Fetching mba30 (OBMMIC30YF)…
2026-08-13 01:09:03  INFO          → 117 observations saved
2026-08-13 01:09:04  INFO        Fetching cpi (CPIAUCSL)…
2026-08-13 01:09:04  INFO          → 12 observations saved
2026-08-13 01:09:04  INFO        Fetching corePce (PCEPILFE)…
2026-08-13 01:09:05  INFO          → 12 observations saved
2026-08-13 01:09:05  INFO        Fetching ppi (PPIACO)…
2026-08-13 01:09:06  INFO          → 12 observations saved
2026-08-13 01:09:06  INFO        Fetching unemployment (UNRATE)…
2026-08-13 01:09:06  INFO          → 24 observations saved
2026-08-13 01:09:07  INFO        Fetching nfp (PAYEMS)…
2026-08-13 01:09:07  INFO          → 24 observations saved
2026-08-13 01:09:08  INFO        Fetching jolts (JTSJOL)…
2026-08-13 01:09:08  INFO          → 24 observations saved
2026-08-13 01:09:09  INFO        Fetching hpiNational (CSUSHPISA)…
2026-08-13 01:09:09  INFO          → 11 observations saved
2026-08-13 01:09:09  INFO        Fetching housingStarts (HOUST)…
2026-08-13 01:09:10  INFO          → 24 observations saved
2026-08-13 01:09:10  INFO        Fetching existingHomeSales (EXHOSLUSM495S)…
2026-08-13 01:09:11  INFO          → 13 observations saved
2026-08-13 01:09:11  INFO        Fetching mortgageDelinquency (DRSFRMACBS)…
2026-08-13 01:09:12  INFO          → 7 observations saved
2026-08-13 01:09:12  INFO        Fetching refiBoomster (MORTGAGE30US)…
2026-08-13 01:09:12  INFO          → 106 observations saved
2026-08-13 01:09:13  INFO        Fetching igSpread (BAMLC0A0CM)…
2026-08-13 01:09:13  INFO          → 120 observations saved
2026-08-13 01:09:14  INFO        Fetching hySpread (BAMLH0A0HYM2)…
2026-08-13 01:09:14  INFO          → 120 observations saved
2026-08-13 01:09:14  INFO        Fetching mbsSpread (MORTGAGE30US)…
2026-08-13 01:09:15  INFO          → 106 observations saved
2026-08-13 01:09:15  INFO        Fetching HPI by state…
2026-08-13 01:09:16  INFO          CA: 3 rows
2026-08-13 01:09:17  INFO          TX: 3 rows
2026-08-13 01:09:18  INFO          FL: 3 rows
2026-08-13 01:09:18  INFO          NY: 3 rows
2026-08-13 01:09:19  INFO          WA: 3 rows
2026-08-13 01:09:20  INFO          CO: 3 rows
2026-08-13 01:09:21  INFO          AZ: 3 rows
2026-08-13 01:09:22  INFO          NV: 3 rows
2026-08-13 01:09:23  INFO          OR: 3 rows
2026-08-13 01:09:24  INFO          GA: 3 rows
2026-08-13 01:09:25  INFO          NC: 3 rows
2026-08-13 01:09:25  INFO          SC: 3 rows
2026-08-13 01:09:26  INFO          TN: 3 rows
2026-08-13 01:09:27  INFO          OH: 3 rows
2026-08-13 01:09:28  INFO          MI: 3 rows
2026-08-13 01:09:29  INFO          IL: 3 rows
2026-08-13 01:09:30  INFO          PA: 3 rows
2026-08-13 01:09:31  INFO          NJ: 3 rows
2026-08-13 01:09:32  INFO          MA: 3 rows
2026-08-13 01:09:33  INFO          VA: 3 rows
2026-08-13 01:09:34  INFO          MD: 3 rows
2026-08-13 01:09:35  INFO          MN: 3 rows
2026-08-13 01:09:36  INFO          WI: 3 rows
2026-08-13 01:09:37  INFO          UT: 3 rows
2026-08-13 01:09:37  INFO          ID: 3 rows
2026-08-13 01:09:38  INFO      JSON exported → signals_live.json  (21 signals, 25 states)
2026-08-13 01:09:38  INFO      Run complete — 21 OK, 0 failed
2026-08-14 12:32:00  INFO      Database initialised → signals.db
2026-08-14 12:32:00  INFO      ============================================================
2026-08-14 12:32:00  INFO      MortgageIQ Pipeline — fetch run starting (2026-08-14 12:32)
2026-08-14 12:32:00  INFO      ============================================================
2026-08-14 12:32:00  INFO        Fetching fedFunds (FEDFUNDS)…
2026-08-14 12:32:02  INFO          → 25 observations saved
2026-08-14 12:32:02  INFO        Fetching sofr (SOFR)…
2026-08-14 12:32:02  INFO          → 116 observations saved
2026-08-14 12:32:03  INFO        Fetching tenYrTsy (DGS10)…
2026-08-14 12:32:03  INFO          → 117 observations saved
2026-08-14 12:32:04  INFO        Fetching twoYrTsy (DGS2)…
2026-08-14 12:32:04  INFO          → 117 observations saved
2026-08-14 12:32:04  INFO        Fetching pmms30 (MORTGAGE30US)…
2026-08-14 12:32:05  INFO          → 107 observations saved
2026-08-14 12:32:05  INFO        Fetching pmms15 (MORTGAGE15US)…
2026-08-14 12:32:06  INFO          → 107 observations saved
2026-08-14 12:32:06  INFO        Fetching mba30 (OBMMIC30YF)…
2026-08-14 12:32:07  INFO          → 117 observations saved
2026-08-14 12:32:07  INFO        Fetching cpi (CPIAUCSL)…
2026-08-14 12:32:07  INFO          → 12 observations saved
2026-08-14 12:32:08  INFO        Fetching corePce (PCEPILFE)…
2026-08-14 12:32:08  INFO          → 12 observations saved
2026-08-14 12:32:09  INFO        Fetching ppi (PPIACO)…
2026-08-14 12:32:09  INFO          → 13 observations saved
2026-08-14 12:32:09  INFO        Fetching unemployment (UNRATE)…
2026-08-14 12:32:10  INFO          → 24 observations saved
2026-08-14 12:32:10  INFO        Fetching nfp (PAYEMS)…
2026-08-14 12:32:11  INFO          → 24 observations saved
2026-08-14 12:32:11  INFO        Fetching jolts (JTSJOL)…
2026-08-14 12:32:11  INFO          → 24 observations saved
2026-08-14 12:32:12  INFO        Fetching hpiNational (CSUSHPISA)…
2026-08-14 12:32:12  INFO          → 11 observations saved
2026-08-14 12:32:13  INFO        Fetching housingStarts (HOUST)…
2026-08-14 12:32:13  INFO          → 24 observations saved
2026-08-14 12:32:14  INFO        Fetching existingHomeSales (EXHOSLUSM495S)…
2026-08-14 12:32:14  INFO          → 13 observations saved
2026-08-14 12:32:14  INFO        Fetching mortgageDelinquency (DRSFRMACBS)…
2026-08-14 12:32:15  INFO          → 7 observations saved
2026-08-14 12:32:15  INFO        Fetching refiBoomster (MORTGAGE30US)…
2026-08-14 12:32:16  INFO          → 107 observations saved
2026-08-14 12:32:16  INFO        Fetching igSpread (BAMLC0A0CM)…
2026-08-14 12:32:17  INFO          → 120 observations saved
2026-08-14 12:32:17  INFO        Fetching hySpread (BAMLH0A0HYM2)…
2026-08-14 12:32:17  INFO          → 120 observations saved
2026-08-14 12:32:18  INFO        Fetching mbsSpread (MORTGAGE30US)…
2026-08-14 12:32:19  INFO          → 107 observations saved
2026-08-14 12:32:19  INFO        Fetching HPI by state…
2026-08-14 12:32:19  INFO          CA: 3 rows
2026-08-14 12:32:20  INFO          TX: 3 rows
2026-08-14 12:32:21  INFO          FL: 3 rows
2026-08-14 12:32:22  INFO          NY: 3 rows
2026-08-14 12:32:23  INFO          WA: 3 rows
2026-08-14 12:32:24  INFO          CO: 3 rows
2026-08-14 12:32:25  INFO          AZ: 3 rows
2026-08-14 12:32:26  INFO          NV: 3 rows
2026-08-14 12:32:27  INFO          OR: 3 rows
2026-08-14 12:32:28  INFO          GA: 3 rows
2026-08-14 12:32:28  INFO          NC: 3 rows
2026-08-14 12:32:29  INFO          SC: 3 rows
2026-08-14 12:32:30  INFO          TN: 3 rows
2026-08-14 12:32:31  INFO          OH: 3 rows
2026-08-14 12:32:32  INFO          MI: 3 rows
2026-08-14 12:32:33  INFO          IL: 3 rows
2026-08-14 12:32:34  INFO          PA: 3 rows
2026-08-14 12:32:35  INFO          NJ: 3 rows
2026-08-14 12:32:36  INFO          MA: 3 rows
2026-08-14 12:32:37  INFO          VA: 3 rows
2026-08-14 12:32:38  INFO          MD: 3 rows
2026-08-14 12:32:39  INFO          MN: 3 rows
2026-08-14 12:32:39  INFO          WI: 3 rows
2026-08-14 12:32:40  INFO          UT: 3 rows
2026-08-14 12:32:41  INFO          ID: 3 rows
2026-08-14 12:32:42  INFO      JSON exported → signals_live.json  (21 signals, 25 states)
2026-08-14 12:32:42  INFO      Run complete — 21 OK, 0 failed
2026-08-24 01:15:48  INFO      Database initialised → signals.db
2026-08-24 01:15:48  INFO      ============================================================
2026-08-24 01:15:48  INFO      MortgageIQ Pipeline — fetch run starting (2026-08-24 01:15)
2026-08-24 01:15:48  INFO      ============================================================
2026-08-24 01:15:48  INFO        Fetching fedFunds (FEDFUNDS)…
2026-08-24 01:15:48  INFO          → 24 observations saved
2026-08-24 01:15:49  INFO        Fetching sofr (SOFR)…
2026-08-24 01:15:49  INFO          → 116 observations saved
2026-08-24 01:15:50  INFO        Fetching tenYrTsy (DGS10)…
2026-08-24 01:15:50  INFO          → 117 observations saved
2026-08-24 01:15:50  INFO        Fetching twoYrTsy (DGS2)…
2026-08-24 01:15:51  INFO          → 117 observations saved
2026-08-24 01:15:51  INFO        Fetching pmms30 (MORTGAGE30US)…
2026-08-24 01:15:52  INFO          → 106 observations saved
2026-08-24 01:15:52  INFO        Fetching pmms15 (MORTGAGE15US)…
2026-08-24 01:15:52  INFO          → 106 observations saved
2026-08-24 01:15:53  INFO        Fetching mba30 (OBMMIC30YF)…
2026-08-24 01:15:53  INFO          → 117 observations saved
2026-08-24 01:15:54  INFO        Fetching cpi (CPIAUCSL)…
2026-08-24 01:15:54  INFO          → 11 observations saved
2026-08-24 01:15:54  INFO        Fetching corePce (PCEPILFE)…
2026-08-24 01:15:55  INFO          → 11 observations saved
2026-08-24 01:15:55  INFO        Fetching ppi (PPIACO)…
2026-08-24 01:15:56  INFO          → 12 observations saved
2026-08-24 01:15:56  INFO        Fetching unemployment (UNRATE)…
2026-08-24 01:15:57  INFO          → 23 observations saved
2026-08-24 01:15:57  INFO        Fetching nfp (PAYEMS)…
2026-08-24 01:15:57  INFO          → 23 observations saved
2026-08-24 01:15:58  INFO        Fetching jolts (JTSJOL)…
2026-08-24 01:15:58  INFO          → 23 observations saved
2026-08-24 01:15:59  INFO        Fetching hpiNational (CSUSHPISA)…
2026-08-24 01:15:59  INFO          → 10 observations saved
2026-08-24 01:15:59  INFO        Fetching housingStarts (HOUST)…
2026-08-24 01:16:01  INFO          → 24 observations saved
2026-08-24 01:16:02  INFO        Fetching existingHomeSales (EXHOSLUSM495S)…
2026-08-24 01:16:02  INFO          → 13 observations saved
2026-08-24 01:16:03  INFO        Fetching mortgageDelinquency (DRSFRMACBS)…
2026-08-24 01:16:03  INFO          → 7 observations saved
2026-08-24 01:16:04  INFO        Fetching refiBoomster (MORTGAGE30US)…
2026-08-24 01:16:04  INFO          → 106 observations saved
2026-08-24 01:16:04  INFO        Fetching igSpread (BAMLC0A0CM)…
2026-08-24 01:16:05  INFO          → 120 observations saved
2026-08-24 01:16:05  INFO        Fetching hySpread (BAMLH0A0HYM2)…
2026-08-24 01:16:06  INFO          → 120 observations saved
2026-08-24 01:16:06  INFO        Fetching mbsSpread (MORTGAGE30US)…
2026-08-24 01:16:07  INFO          → 106 observations saved
2026-08-24 01:16:07  INFO        Fetching HPI by state…
2026-08-24 01:16:07  INFO          CA: 3 rows
2026-08-24 01:16:08  INFO          TX: 3 rows
2026-08-24 01:16:09  INFO          FL: 3 rows
2026-08-24 01:16:10  INFO          NY: 3 rows
2026-08-24 01:16:11  INFO          WA: 3 rows
2026-08-24 01:16:12  INFO          CO: 3 rows
2026-08-24 01:16:13  INFO          AZ: 3 rows
2026-08-24 01:16:14  INFO          NV: 3 rows
2026-08-24 01:16:15  INFO          OR: 3 rows
2026-08-24 01:16:16  INFO          GA: 3 rows
2026-08-24 01:16:17  INFO          NC: 3 rows
2026-08-24 01:16:17  INFO          SC: 3 rows
2026-08-24 01:16:19  INFO          TN: 3 rows
2026-08-24 01:16:20  INFO          OH: 3 rows
2026-08-24 01:16:20  INFO          MI: 3 rows
2026-08-24 01:16:21  INFO          IL: 3 rows
2026-08-24 01:16:22  INFO          PA: 3 rows
2026-08-24 01:16:23  INFO          NJ: 3 rows
2026-08-24 01:16:24  INFO          MA: 3 rows
2026-08-24 01:16:25  INFO          VA: 3 rows
2026-08-24 01:16:26  INFO          MD: 3 rows
2026-08-24 01:16:27  INFO          MN: 3 rows
2026-08-24 01:16:28  INFO          WI: 3 rows
2026-08-24 01:16:29  INFO          UT: 3 rows
2026-08-24 01:16:29  INFO          ID: 3 rows
2026-08-24 01:16:30  INFO      JSON exported → signals_live.json  (21 signals, 25 states)
2026-08-24 01:16:30  INFO      Run complete — 21 OK, 0 failed
2026-08-27 00:47:36  INFO      Database initialised → signals.db
2026-08-27 00:47:36  INFO      ============================================================
2026-08-27 00:47:36  INFO      MortgageIQ Pipeline — fetch run starting (2026-08-27 00:47)
2026-08-27 00:47:36  INFO      ============================================================
2026-08-27 00:47:36  INFO        Fetching fedFunds (FEDFUNDS)…
2026-08-27 00:47:36  INFO          → 24 observations saved
2026-08-27 00:47:37  INFO        Fetching sofr (SOFR)…
2026-08-27 00:47:37  INFO          → 116 observations saved
2026-08-27 00:47:37  INFO        Fetching tenYrTsy (DGS10)…
2026-08-27 00:47:38  INFO          → 117 observations saved
2026-08-27 00:47:38  INFO        Fetching twoYrTsy (DGS2)…
2026-08-27 00:47:39  INFO          → 117 observations saved
2026-08-27 00:47:39  INFO        Fetching pmms30 (MORTGAGE30US)…
2026-08-27 00:47:39  INFO          → 106 observations saved
2026-08-27 00:47:40  INFO        Fetching pmms15 (MORTGAGE15US)…
2026-08-27 00:47:40  INFO          → 106 observations saved
2026-08-27 00:47:41  INFO        Fetching mba30 (OBMMIC30YF)…
2026-08-27 00:47:41  INFO          → 117 observations saved
2026-08-27 00:47:42  INFO        Fetching cpi (CPIAUCSL)…
2026-08-27 00:47:42  INFO          → 11 observations saved
2026-08-27 00:47:42  INFO        Fetching corePce (PCEPILFE)…
2026-08-27 00:47:43  INFO          → 12 observations saved
2026-08-27 00:47:43  INFO        Fetching ppi (PPIACO)…
2026-08-27 00:47:43  INFO          → 12 observations saved
2026-08-27 00:47:44  INFO        Fetching unemployment (UNRATE)…
2026-08-27 00:47:44  INFO          → 23 observations saved
2026-08-27 00:47:45  INFO        Fetching nfp (PAYEMS)…
2026-08-27 00:47:45  INFO          → 23 observations saved
2026-08-27 00:47:45  INFO        Fetching jolts (JTSJOL)…
2026-08-27 00:47:46  INFO          → 23 observations saved
2026-08-27 00:47:46  INFO        Fetching hpiNational (CSUSHPISA)…
2026-08-27 00:47:46  INFO          → 10 observations saved
2026-08-27 00:47:47  INFO        Fetching housingStarts (HOUST)…
2026-08-27 00:47:47  INFO          → 24 observations saved
2026-08-27 00:47:48  INFO        Fetching existingHomeSales (EXHOSLUSM495S)…
2026-08-27 00:47:48  INFO          → 13 observations saved
2026-08-27 00:47:48  INFO        Fetching mortgageDelinquency (DRSFRMACBS)…
2026-08-27 00:47:49  INFO          → 8 observations saved
2026-08-27 00:47:49  INFO        Fetching refiBoomster (MORTGAGE30US)…
2026-08-27 00:47:50  INFO          → 106 observations saved
2026-08-27 00:47:50  INFO        Fetching igSpread (BAMLC0A0CM)…
2026-08-27 00:47:51  INFO          → 120 observations saved
2026-08-27 00:47:52  INFO        Fetching hySpread (BAMLH0A0HYM2)…
2026-08-27 00:47:52  INFO          → 120 observations saved
2026-08-27 00:47:52  INFO        Fetching mbsSpread (MORTGAGE30US)…
2026-08-27 00:47:53  INFO          → 106 observations saved
2026-08-27 00:47:53  INFO        Fetching HPI by state…
2026-08-27 00:47:54  INFO          CA: 4 rows
2026-08-27 00:47:55  INFO          TX: 4 rows
2026-08-27 00:47:55  INFO          FL: 4 rows
2026-08-27 00:47:56  INFO          NY: 4 rows
2026-08-27 00:47:57  INFO          WA: 4 rows
2026-08-27 00:47:58  INFO          CO: 4 rows
2026-08-27 00:47:59  INFO          AZ: 4 rows
2026-08-27 00:48:01  INFO          NV: 4 rows
2026-08-27 00:48:02  INFO          OR: 4 rows
2026-08-27 00:48:03  INFO          GA: 4 rows
2026-08-27 00:48:04  INFO          NC: 4 rows
2026-08-27 00:48:05  INFO          SC: 4 rows
2026-08-27 00:48:06  INFO          TN: 4 rows
2026-08-27 00:48:07  INFO          OH: 4 rows
2026-08-27 00:48:08  INFO          MI: 4 rows
2026-08-27 00:48:08  INFO          IL: 4 rows
2026-08-27 00:48:10  INFO          PA: 4 rows
2026-08-27 00:48:11  INFO          NJ: 4 rows
2026-08-27 00:48:11  INFO          MA: 4 rows
2026-08-27 00:48:12  INFO          VA: 4 rows
2026-08-27 00:48:13  INFO          MD: 4 rows
2026-08-27 00:48:14  INFO          MN: 4 rows
2026-08-27 00:48:15  INFO          WI: 4 rows
2026-08-27 00:48:16  INFO          UT: 4 rows
2026-08-27 00:48:17  INFO          ID: 4 rows
2026-08-27 00:48:17  INFO      JSON exported → signals_live.json  (21 signals, 25 states)
2026-08-27 00:48:17  INFO      Run complete — 21 OK, 0 failed
2026-08-30 16:51:19  INFO      Database initialised → signals.db
2026-08-30 16:51:19  INFO      ============================================================
2026-08-30 16:51:19  INFO      MortgageIQ Pipeline — fetch run starting (2026-08-30 16:51)
2026-08-30 16:51:19  INFO      ============================================================
2026-08-30 16:51:19  INFO        Fetching fedFunds (FEDFUNDS)…
2026-08-30 16:51:19  ERROR         ✗ fedFunds: FRED_API_KEY not set. Get one free at fred.stlouisfed.org → My Account → API Keys
2026-08-30 16:51:20  INFO        Fetching sofr (SOFR)…
2026-08-30 16:51:20  ERROR         ✗ sofr: FRED_API_KEY not set. Get one free at fred.stlouisfed.org → My Account → API Keys
2026-08-30 16:51:20  INFO        Fetching tenYrTsy (DGS10)…
2026-08-30 16:51:20  ERROR         ✗ tenYrTsy: FRED_API_KEY not set. Get one free at fred.stlouisfed.org → My Account → API Keys
2026-08-30 16:51:21  INFO        Fetching twoYrTsy (DGS2)…
2026-08-30 16:51:21  ERROR         ✗ twoYrTsy: FRED_API_KEY not set. Get one free at fred.stlouisfed.org → My Account → API Keys
2026-08-30 16:51:21  INFO        Fetching pmms30 (MORTGAGE30US)…
2026-08-30 16:51:21  ERROR         ✗ pmms30: FRED_API_KEY not set. Get one free at fred.stlouisfed.org → My Account → API Keys
2026-08-30 16:51:22  INFO        Fetching pmms15 (MORTGAGE15US)…
2026-08-30 16:51:22  ERROR         ✗ pmms15: FRED_API_KEY not set. Get one free at fred.stlouisfed.org → My Account → API Keys
2026-08-30 16:51:22  INFO        Fetching mba30 (OBMMIC30YF)…
2026-08-30 16:51:22  ERROR         ✗ mba30: FRED_API_KEY not set. Get one free at fred.stlouisfed.org → My Account → API Keys
2026-08-30 16:51:23  INFO        Fetching cpi (CPIAUCSL)…
2026-08-30 16:51:23  ERROR         ✗ cpi: FRED_API_KEY not set. Get one free at fred.stlouisfed.org → My Account → API Keys
2026-08-30 16:51:23  INFO        Fetching corePce (PCEPILFE)…
2026-08-30 16:51:23  ERROR         ✗ corePce: FRED_API_KEY not set. Get one free at fred.stlouisfed.org → My Account → API Keys
2026-08-30 16:51:24  INFO        Fetching ppi (PPIACO)…
2026-08-30 16:51:24  ERROR         ✗ ppi: FRED_API_KEY not set. Get one free at fred.stlouisfed.org → My Account → API Keys
2026-08-30 16:51:24  INFO        Fetching unemployment (UNRATE)…
2026-08-30 16:51:24  ERROR         ✗ unemployment: FRED_API_KEY not set. Get one free at fred.stlouisfed.org → My Account → API Keys
2026-08-30 16:51:25  INFO        Fetching nfp (PAYEMS)…
2026-08-30 16:51:25  ERROR         ✗ nfp: FRED_API_KEY not set. Get one free at fred.stlouisfed.org → My Account → API Keys
2026-08-30 16:51:25  INFO        Fetching jolts (JTSJOL)…
2026-08-30 16:51:25  ERROR         ✗ jolts: FRED_API_KEY not set. Get one free at fred.stlouisfed.org → My Account → API Keys
2026-08-30 16:51:26  INFO        Fetching hpiNational (CSUSHPISA)…
2026-08-30 16:51:26  ERROR         ✗ hpiNational: FRED_API_KEY not set. Get one free at fred.stlouisfed.org → My Account → API Keys
2026-08-30 16:51:26  INFO        Fetching housingStarts (HOUST)…
2026-08-30 16:51:26  ERROR         ✗ housingStarts: FRED_API_KEY not set. Get one free at fred.stlouisfed.org → My Account → API Keys
2026-08-30 16:51:27  INFO        Fetching existingHomeSales (EXHOSLUSM495S)…
2026-08-30 16:51:27  ERROR         ✗ existingHomeSales: FRED_API_KEY not set. Get one free at fred.stlouisfed.org → My Account → API Keys
2026-08-30 16:51:27  INFO        Fetching mortgageDelinquency (DRSFRMACBS)…
2026-08-30 16:51:27  ERROR         ✗ mortgageDelinquency: FRED_API_KEY not set. Get one free at fred.stlouisfed.org → My Account → API Keys
2026-08-30 16:51:28  INFO        Fetching refiBoomster (MORTGAGE30US)…
2026-08-30 16:51:28  ERROR         ✗ refiBoomster: FRED_API_KEY not set. Get one free at fred.stlouisfed.org → My Account → API Keys
2026-08-30 16:51:28  INFO        Fetching igSpread (BAMLC0A0CM)…
2026-08-30 16:51:28  ERROR         ✗ igSpread: FRED_API_KEY not set. Get one free at fred.stlouisfed.org → My Account → API Keys
2026-08-30 16:51:29  INFO        Fetching hySpread (BAMLH0A0HYM2)…
2026-08-30 16:51:29  ERROR         ✗ hySpread: FRED_API_KEY not set. Get one free at fred.stlouisfed.org → My Account → API Keys
2026-08-30 16:51:29  INFO        Fetching mbsSpread (MORTGAGE30US)…
2026-08-30 16:51:29  ERROR         ✗ mbsSpread: FRED_API_KEY not set. Get one free at fred.stlouisfed.org → My Account → API Keys
2026-08-30 16:51:30  INFO        Fetching HPI by state…
2026-08-30 16:51:30  WARNING       ✗ HPI CA: FRED_API_KEY not set. Get one free at fred.stlouisfed.org → My Account → API Keys
2026-08-30 16:51:30  WARNING       ✗ HPI TX: FRED_API_KEY not set. Get one free at fred.stlouisfed.org → My Account → API Keys
2026-08-30 16:51:30  WARNING       ✗ HPI FL: FRED_API_KEY not set. Get one free at fred.stlouisfed.org → My Account → API Keys
2026-08-30 16:51:30  WARNING       ✗ HPI NY: FRED_API_KEY not set. Get one free at fred.stlouisfed.org → My Account → API Keys
2026-08-30 16:51:30  WARNING       ✗ HPI WA: FRED_API_KEY not set. Get one free at fred.stlouisfed.org → My Account → API Keys
2026-08-30 16:51:30  WARNING       ✗ HPI CO: FRED_API_KEY not set. Get one free at fred.stlouisfed.org → My Account → API Keys
2026-08-30 16:51:30  WARNING       ✗ HPI AZ: FRED_API_KEY not set. Get one free at fred.stlouisfed.org → My Account → API Keys
2026-08-30 16:51:30  WARNING       ✗ HPI NV: FRED_API_KEY not set. Get one free at fred.stlouisfed.org → My Account → API Keys
2026-08-30 16:51:30  WARNING       ✗ HPI OR: FRED_API_KEY not set. Get one free at fred.stlouisfed.org → My Account → API Keys
2026-08-30 16:51:30  WARNING       ✗ HPI GA: FRED_API_KEY not set. Get one free at fred.stlouisfed.org → My Account → API Keys
2026-08-30 16:51:30  WARNING       ✗ HPI NC: FRED_API_KEY not set. Get one free at fred.stlouisfed.org → My Account → API Keys
2026-08-30 16:51:30  WARNING       ✗ HPI SC: FRED_API_KEY not set. Get one free at fred.stlouisfed.org → My Account → API Keys
2026-08-30 16:51:30  WARNING       ✗ HPI TN: FRED_API_KEY not set. Get one free at fred.stlouisfed.org → My Account → API Keys
2026-08-30 16:51:30  WARNING       ✗ HPI OH: FRED_API_KEY not set. Get one free at fred.stlouisfed.org → My Account → API Keys
2026-08-30 16:51:30  WARNING       ✗ HPI MI: FRED_API_KEY not set. Get one free at fred.stlouisfed.org → My Account → API Keys
2026-08-30 16:51:30  WARNING       ✗ HPI IL: FRED_API_KEY not set. Get one free at fred.stlouisfed.org → My Account → API Keys
2026-08-30 16:51:30  WARNING       ✗ HPI PA: FRED_API_KEY not set. Get one free at fred.stlouisfed.org → My Account → API Keys
2026-08-30 16:51:30  WARNING       ✗ HPI NJ: FRED_API_KEY not set. Get one free at fred.stlouisfed.org → My Account → API Keys
2026-08-30 16:51:30  WARNING       ✗ HPI MA: FRED_API_KEY not set. Get one free at fred.stlouisfed.org → My Account → API Keys
2026-08-30 16:51:30  WARNING       ✗ HPI VA: FRED_API_KEY not set. Get one free at fred.stlouisfed.org → My Account → API Keys
2026-08-30 16:51:30  WARNING       ✗ HPI MD: FRED_API_KEY not set. Get one free at fred.stlouisfed.org → My Account → API Keys
2026-08-30 16:51:30  WARNING       ✗ HPI MN: FRED_API_KEY not set. Get one free at fred.stlouisfed.org → My Account → API Keys
2026-08-30 16:51:30  WARNING       ✗ HPI WI: FRED_API_KEY not set. Get one free at fred.stlouisfed.org → My Account → API Keys
2026-08-30 16:51:30  WARNING       ✗ HPI UT: FRED_API_KEY not set. Get one free at fred.stlouisfed.org → My Account → API Keys
2026-08-30 16:51:30  WARNING       ✗ HPI ID: FRED_API_KEY not set. Get one free at fred.stlouisfed.org → My Account → API Keys
2026-08-30 16:51:30  INFO      JSON exported → signals_live.json  (21 signals, 25 states)
2026-08-30 16:51:30  INFO      Run complete — 0 OK, 21 failed
2026-08-30 17:03:05  INFO      Database initialised → signals.db
2026-08-30 17:03:05  INFO      ============================================================
2026-08-30 17:03:05  INFO      MortgageIQ Pipeline — fetch run starting (2026-08-30 17:03)
2026-08-30 17:03:05  INFO      ============================================================
2026-08-30 17:03:05  INFO        Fetching fedFunds (FEDFUNDS)…
2026-08-30 17:03:06  INFO          → 24 observations saved
2026-08-30 17:03:06  INFO        Fetching sofr (SOFR)…
2026-08-30 17:03:07  INFO          → 116 observations saved
2026-08-30 17:03:07  INFO        Fetching tenYrTsy (DGS10)…
2026-08-30 17:03:08  INFO          → 117 observations saved
2026-08-30 17:03:08  INFO        Fetching twoYrTsy (DGS2)…
2026-08-30 17:03:08  INFO          → 117 observations saved
2026-08-30 17:03:09  INFO        Fetching pmms30 (MORTGAGE30US)…
2026-08-30 17:03:09  INFO          → 106 observations saved
2026-08-30 17:03:10  INFO        Fetching pmms15 (MORTGAGE15US)…
2026-08-30 17:03:10  INFO          → 106 observations saved
2026-08-30 17:03:11  INFO        Fetching mba30 (OBMMIC30YF)…
2026-08-30 17:03:11  INFO          → 117 observations saved
2026-08-30 17:03:12  INFO        Fetching cpi (CPIAUCSL)…
2026-08-30 17:03:13  INFO          → 11 observations saved
2026-08-30 17:03:14  INFO        Fetching corePce (PCEPILFE)…
2026-08-30 17:03:15  INFO          → 12 observations saved
2026-08-30 17:03:15  INFO        Fetching ppi (PPIACO)…
2026-08-30 17:03:16  INFO          → 12 observations saved
2026-08-30 17:03:16  INFO        Fetching unemployment (UNRATE)…
2026-08-30 17:03:17  INFO          → 23 observations saved
2026-08-30 17:03:17  INFO        Fetching nfp (PAYEMS)…
2026-08-30 17:03:18  INFO          → 23 observations saved
2026-08-30 17:03:18  INFO        Fetching jolts (JTSJOL)…
2026-08-30 17:03:19  INFO          → 23 observations saved
2026-08-30 17:03:20  INFO        Fetching hpiNational (CSUSHPISA)…
2026-08-30 17:03:20  INFO          → 11 observations saved
2026-08-30 17:03:21  INFO        Fetching housingStarts (HOUST)…
2026-08-30 17:03:21  INFO          → 24 observations saved
2026-08-30 17:03:21  INFO        Fetching existingHomeSales (EXHOSLUSM495S)…
2026-08-30 17:03:22  INFO          → 13 observations saved
2026-08-30 17:03:22  INFO        Fetching mortgageDelinquency (DRSFRMACBS)…
2026-08-30 17:03:23  INFO          → 8 observations saved
2026-08-30 17:03:23  INFO        Fetching refiBoomster (MORTGAGE30US)…
2026-08-30 17:03:24  INFO          → 106 observations saved
2026-08-30 17:03:24  INFO        Fetching igSpread (BAMLC0A0CM)…
2026-08-30 17:03:25  INFO          → 120 observations saved
2026-08-30 17:03:25  INFO        Fetching hySpread (BAMLH0A0HYM2)…
2026-08-30 17:03:25  INFO          → 120 observations saved
2026-08-30 17:03:26  INFO        Fetching mbsSpread (MORTGAGE30US)…
2026-08-30 17:03:26  INFO          → 106 observations saved
2026-08-30 17:03:27  INFO        Fetching HPI by state…
2026-08-30 17:03:27  INFO          CA: 4 rows
2026-08-30 17:03:28  INFO          TX: 4 rows
2026-08-30 17:03:29  INFO          FL: 4 rows
2026-08-30 17:03:30  INFO          NY: 4 rows
2026-08-30 17:03:31  INFO          WA: 4 rows
2026-08-30 17:03:32  INFO          CO: 4 rows
2026-08-30 17:03:33  INFO          AZ: 4 rows
2026-08-30 17:03:34  INFO          NV: 4 rows
2026-08-30 17:03:35  INFO          OR: 4 rows
2026-08-30 17:03:36  INFO          GA: 4 rows
2026-08-30 17:03:37  INFO          NC: 4 rows
2026-08-30 17:03:38  INFO          SC: 4 rows
2026-08-30 17:03:39  INFO          TN: 4 rows
2026-08-30 17:03:40  INFO          OH: 4 rows
2026-08-30 17:03:41  INFO          MI: 4 rows
2026-08-30 17:03:42  INFO          IL: 4 rows
2026-08-30 17:03:43  INFO          PA: 4 rows
2026-08-30 17:03:44  INFO          NJ: 4 rows
2026-08-30 17:03:44  INFO          MA: 4 rows
2026-08-30 17:03:45  INFO          VA: 4 rows
2026-08-30 17:03:46  INFO          MD: 4 rows
2026-08-30 17:03:47  INFO          MN: 4 rows
2026-08-30 17:03:48  INFO          WI: 4 rows
2026-08-30 17:03:49  INFO          UT: 4 rows
2026-08-30 17:03:49  INFO          ID: 4 rows
2026-08-30 17:03:50  INFO      JSON exported → signals_live.json  (21 signals, 25 states)
2026-08-30 17:03:50  INFO      Run complete — 21 OK, 0 failed
2026-08-30 17:04:20  INFO      Database initialised → signals.db
2026-08-30 17:04:20  INFO      ============================================================
2026-08-30 17:04:20  INFO      MortgageIQ Pipeline — fetch run starting (2026-08-30 17:04)
2026-08-30 17:04:20  INFO      ============================================================
2026-08-30 17:04:20  INFO        Fetching fedFunds (FEDFUNDS)…
2026-08-30 17:04:21  INFO          → 24 observations saved
2026-08-30 17:04:21  INFO        Fetching sofr (SOFR)…
2026-08-30 17:04:22  INFO          → 116 observations saved
2026-08-30 17:04:22  INFO        Fetching tenYrTsy (DGS10)…
2026-08-30 17:04:23  INFO          → 117 observations saved
2026-08-30 17:04:23  INFO        Fetching twoYrTsy (DGS2)…
2026-08-30 17:04:24  INFO          → 117 observations saved
2026-08-30 17:04:24  INFO        Fetching pmms30 (MORTGAGE30US)…
2026-08-30 17:04:25  INFO          → 106 observations saved
2026-08-30 17:04:26  INFO        Fetching pmms15 (MORTGAGE15US)…
2026-08-30 17:04:27  INFO          → 106 observations saved
2026-08-30 17:04:27  INFO        Fetching mba30 (OBMMIC30YF)…
2026-08-30 17:04:27  INFO          → 117 observations saved
2026-08-30 17:04:28  INFO        Fetching cpi (CPIAUCSL)…
2026-08-30 17:04:28  INFO          → 11 observations saved
2026-08-30 17:04:29  INFO        Fetching corePce (PCEPILFE)…
2026-08-30 17:04:29  INFO          → 12 observations saved
2026-08-30 17:04:30  INFO        Fetching ppi (PPIACO)…
2026-08-30 17:04:30  INFO          → 12 observations saved
2026-08-30 17:04:30  INFO        Fetching unemployment (UNRATE)…
2026-08-30 17:04:31  INFO          → 23 observations saved
2026-08-30 17:04:31  INFO        Fetching nfp (PAYEMS)…
2026-08-30 17:04:32  INFO          → 23 observations saved
2026-08-30 17:04:32  INFO        Fetching jolts (JTSJOL)…
2026-08-30 17:04:33  INFO          → 23 observations saved
2026-08-30 17:04:33  INFO        Fetching hpiNational (CSUSHPISA)…
2026-08-30 17:04:33  INFO          → 11 observations saved
2026-08-30 17:04:34  INFO        Fetching housingStarts (HOUST)…
2026-08-30 17:04:34  INFO          → 24 observations saved
2026-08-30 17:04:35  INFO        Fetching existingHomeSales (EXHOSLUSM495S)…
2026-08-30 17:04:35  INFO          → 13 observations saved
2026-08-30 17:04:36  INFO        Fetching mortgageDelinquency (DRSFRMACBS)…
2026-08-30 17:04:36  INFO          → 8 observations saved
2026-08-30 17:04:37  INFO        Fetching refiBoomster (MORTGAGE30US)…
2026-08-30 17:04:37  INFO          → 106 observations saved
2026-08-30 17:04:37  INFO        Fetching igSpread (BAMLC0A0CM)…
2026-08-30 17:04:38  INFO          → 120 observations saved
2026-08-30 17:04:38  INFO        Fetching hySpread (BAMLH0A0HYM2)…
2026-08-30 17:04:39  INFO          → 120 observations saved
2026-08-30 17:04:39  INFO        Fetching mbsSpread (MORTGAGE30US)…
2026-08-30 17:04:40  INFO          → 106 observations saved
2026-08-30 17:04:41  INFO        Fetching HPI by state…
2026-08-30 17:04:41  INFO          CA: 4 rows
2026-08-30 17:04:42  INFO          TX: 4 rows
2026-08-30 17:04:43  INFO          FL: 4 rows
2026-08-30 17:04:44  INFO          NY: 4 rows
2026-08-30 17:04:45  INFO          WA: 4 rows
2026-08-30 17:04:46  INFO          CO: 4 rows
2026-08-30 17:04:46  INFO          AZ: 4 rows
2026-08-30 17:04:47  INFO          NV: 4 rows
2026-08-30 17:04:48  INFO          OR: 4 rows
2026-08-30 17:04:49  INFO          GA: 4 rows
2026-08-30 17:04:50  INFO          NC: 4 rows
2026-08-30 17:04:51  INFO          SC: 4 rows
2026-08-30 17:04:52  INFO          TN: 4 rows
2026-08-30 17:04:53  INFO          OH: 4 rows
2026-08-30 17:04:54  INFO          MI: 4 rows
2026-08-30 17:04:55  INFO          IL: 4 rows
2026-08-30 17:04:56  INFO          PA: 4 rows
2026-08-30 17:04:57  INFO          NJ: 4 rows
2026-08-30 17:04:57  INFO          MA: 4 rows
2026-08-30 17:04:58  INFO          VA: 4 rows
2026-08-30 17:04:59  INFO          MD: 4 rows
2026-08-30 17:05:02  INFO          MN: 4 rows
2026-08-30 17:05:03  INFO          WI: 4 rows
2026-08-30 17:05:04  INFO          UT: 4 rows
2026-08-30 17:05:05  INFO          ID: 4 rows
2026-08-30 17:05:06  INFO      JSON exported → signals_live.json  (21 signals, 25 states)
2026-08-30 17:05:06  INFO      Run complete — 21 OK, 0 failed
2026-09-15 20:30:42  INFO      Database initialised → signals.db
2026-09-15 20:30:42  INFO      ============================================================
2026-09-15 20:30:42  INFO      MortgageIQ Pipeline — fetch run starting (2026-09-15 20:30)
2026-09-15 20:30:42  INFO      ============================================================
2026-09-15 20:30:42  INFO        Fetching fedFunds (FEDFUNDS)…
2026-09-15 20:30:43  INFO          → 24 observations saved
2026-09-15 20:30:43  INFO        Fetching sofr (SOFR)…
2026-09-15 20:30:44  INFO          → 115 observations saved
2026-09-15 20:30:44  INFO        Fetching tenYrTsy (DGS10)…
2026-09-15 20:30:45  INFO          → 116 observations saved
2026-09-15 20:30:45  INFO        Fetching twoYrTsy (DGS2)…
2026-09-15 20:30:46  INFO          → 116 observations saved
2026-09-15 20:30:46  INFO        Fetching pmms30 (MORTGAGE30US)…
2026-09-15 20:30:47  INFO          → 106 observations saved
2026-09-15 20:30:47  INFO        Fetching pmms15 (MORTGAGE15US)…
2026-09-15 20:30:48  INFO          → 106 observations saved
2026-09-15 20:30:48  INFO        Fetching mba30 (OBMMIC30YF)…
2026-09-15 20:30:49  INFO          → 116 observations saved
2026-09-15 20:30:49  INFO        Fetching cpi (CPIAUCSL)…
2026-09-15 20:30:50  INFO          → 11 observations saved
2026-09-15 20:30:50  INFO        Fetching corePce (PCEPILFE)…
2026-09-15 20:30:51  INFO          → 11 observations saved
2026-09-15 20:30:51  INFO        Fetching ppi (PPIACO)…
2026-09-15 20:30:51  INFO          → 12 observations saved
2026-09-15 20:30:52  INFO        Fetching unemployment (UNRATE)…
2026-09-15 20:30:52  INFO          → 23 observations saved
2026-09-15 20:30:53  INFO        Fetching nfp (PAYEMS)…
2026-09-15 20:30:53  INFO          → 23 observations saved
2026-09-15 20:30:54  INFO        Fetching jolts (JTSJOL)…
2026-09-15 20:30:54  INFO          → 23 observations saved
2026-09-15 20:30:55  INFO        Fetching hpiNational (CSUSHPISA)…
2026-09-15 20:30:56  INFO          → 10 observations saved
2026-09-15 20:30:56  INFO        Fetching housingStarts (HOUST)…
2026-09-15 20:30:57  INFO          → 23 observations saved
2026-09-15 20:30:58  INFO        Fetching existingHomeSales (EXHOSLUSM495S)…
2026-09-15 20:30:59  INFO          → 13 observations saved
2026-09-15 20:30:59  INFO        Fetching mortgageDelinquency (DRSFRMACBS)…
2026-09-15 20:31:00  INFO          → 8 observations saved
2026-09-15 20:31:00  INFO        Fetching refiBoomster (MORTGAGE30US)…
2026-09-15 20:31:01  INFO          → 106 observations saved
2026-09-15 20:31:02  INFO        Fetching igSpread (BAMLC0A0CM)…
2026-09-15 20:31:03  INFO          → 120 observations saved
2026-09-15 20:31:03  INFO        Fetching hySpread (BAMLH0A0HYM2)…
2026-09-15 20:31:04  INFO          → 120 observations saved
2026-09-15 20:31:04  INFO        Fetching mbsSpread (MORTGAGE30US)…
2026-09-15 20:31:05  INFO          → 106 observations saved
2026-09-15 20:31:05  INFO        Fetching HPI by state…
2026-09-15 20:31:06  INFO          CA: 4 rows
2026-09-15 20:31:07  INFO          TX: 4 rows
2026-09-15 20:31:08  INFO          FL: 4 rows
2026-09-15 20:31:09  INFO          NY: 4 rows
2026-09-15 20:31:10  INFO          WA: 4 rows
2026-09-15 20:31:11  INFO          CO: 4 rows
2026-09-15 20:31:12  INFO          AZ: 4 rows
2026-09-15 20:31:13  INFO          NV: 4 rows
2026-09-15 20:31:14  INFO          OR: 4 rows
2026-09-15 20:31:15  INFO          GA: 4 rows
2026-09-15 20:31:16  INFO          NC: 4 rows
2026-09-15 20:31:17  INFO          SC: 4 rows
2026-09-15 20:31:19  INFO          TN: 4 rows
2026-09-15 20:31:20  INFO          OH: 4 rows
2026-09-15 20:31:21  INFO          MI: 4 rows
2026-09-15 20:31:22  INFO          IL: 4 rows
2026-09-15 20:31:23  INFO          PA: 4 rows
2026-09-15 20:31:24  INFO          NJ: 4 rows
2026-09-15 20:31:25  INFO          MA: 4 rows
2026-09-15 20:31:26  INFO          VA: 4 rows
2026-09-15 20:31:27  INFO          MD: 4 rows
2026-09-15 20:31:28  INFO          MN: 4 rows
2026-09-15 20:31:29  INFO          WI: 4 rows
2026-09-15 20:31:31  INFO          UT: 4 rows
2026-09-15 20:31:32  INFO          ID: 4 rows
2026-09-15 20:31:32  INFO      JSON exported → signals_live.json  (21 signals, 25 states)
2026-09-15 20:31:32  INFO      Run complete — 21 OK, 0 failed
